name,url,Alternative names,Affiliation,Distinction,Distinction(s),Eye colour,Feather colour,Feathers,Hair colour,Height of average adult,Known affected,Length of average adult,Ministry of Magic Classification,Mortality,Native to,Provoked by,Rarity,Related to,Sentience,Skin colour,Species,Status,Type,Wingspan of average adult
Acromantula,https://harrypotter.fandom.com/wiki/Acromantula,,,Capable of human speechTaste for human fleshCannibalistic,,"Black (white, if blind)",,,Jet-Black,,,Greater than 15 feet  (females were larger),XXXXX,Mortal,Island of Borneo,,,Spider,,,,Extant,,
Ashwinder,https://harrypotter.fandom.com/wiki/Ashwinder,,Fire,Birthed from magical fires,,Red,,,,,,,XXX,Mortal,Worldwide,,,Snake,,Pale-grey,,Extant,,
Augurey,https://harrypotter.fandom.com/wiki/Augurey,Irish Phoenix,,Cries foretell rainfallFeathers repel ink,,Blue,Greenish-black,,,,,,XX,Mortal,Britain and Ireland,,,Bird,,,,Extant,,
Basilisk,https://harrypotter.fandom.com/wiki/Basilisk,King of Serpents,Dark Arts,"Deadly gaze, capable of PetrificationVenomous fangs, which are extremely poisonous",,Yellow,Scarlet plume on the head (if male),,,,,50 ft.,XXXXX,Mortal,"Originally Greece, now found worldwide",,,SnakeChickenToad,,Green,,Extant,,
Billywig,https://harrypotter.fandom.com/wiki/Billywig,,,Flies very fastWings atop headStinger causes levitation,,Grey,,,,Half an inch,,,XXX,Mortal,Australia,,,,,Bright blue,,Extant,,
Blast-Ended Skrewt,https://harrypotter.fandom.com/wiki/Blast-Ended_Skrewt,Bang-Ended Scoots (by Rita Skeeter),Rubeus Hagrid,"Resemble pale, slimy, deformed shell-less lobsters or scorpionsCovered in grey, shiny armourMales have stingers, females have suckers to suck bloodAggressive temperament and repulsive appearanceShoot fire from their rear end",,None,,,,,,10 ft,Beast,Mortal,Hogwarts Castle,,,Fire CrabManticore,,Pale,,"Unknown, possibly extinct",,
Bowtruckle,https://harrypotter.fandom.com/wiki/Bowtruckle,,,Resemble treesTree-dwellingEats insects,,Brown,,,,,,,XX,Mortal,Western EnglandSouthern GermanyScandinavia,,,,,Green,,Extant,,
Bundimun,https://harrypotter.fandom.com/wiki/Bundimun,,,"Resembles fungusHas many eyesAcidic secretion, capable of rotting building structures",,Yellow,,,,,,,XXX,Mortal,Worldwide,,,,,Green,,Extant,,
Catoblepas,https://harrypotter.fandom.com/wiki/Catoblepas,,,Long curled hornsSharp tusksResembled cattle,,,,,Brown,,,,Beast,Mortal,,,,,,,,,,
Centaur,https://harrypotter.fandom.com/wiki/Centaur,,,"Lower torso is a horse's bodyHigher torso is a human's bodyCapable of human intelligence and speechSkilled in Astronomy, Healing magic and Divination",,Varies,,,Varies,Above seven feet,,,XXXX,,"Europe, includingGreeceGreat BritainCroatia",,,HumansHorses,,Varies,,Extant,,
Chimaera,https://harrypotter.fandom.com/wiki/Chimaera,,,Head of a lionBody of a goatTail of a dragonExtremely violent and dangerous,,White,,,Golden,Large,,,XXXXX,Mortal,Greece,,,,,,,Extant (rare),,
Chizpurfle,https://harrypotter.fandom.com/wiki/Chizpurfle,,CrupsAugureysMagic and electricity,Attacks magical and electrical objectsResembles crab,,Black,,,,,,Up to a twentieth of an inch (with fangs),XX,Mortal,Worldwide,,,,,Brown with green pincers,,Extant,,
Chupacabra,https://harrypotter.fandom.com/wiki/Chupacabra,,Dark Arts,Blood consuming,,,,,,,,,Beast,Mortal,North AmericaSouth America,,,,,Blue and red,,Extant,,
Clabbert,https://harrypotter.fandom.com/wiki/Clabbert,,,Resembles cross between frog and monkeyIlluminated pustuleWebbed hands and feetSmall hornsSharp TeethLong legsTree-dwelling,,Yellow,,,,,,,XX,Mortal,Existing worldwide,,,,,Mottled green,,Extant,,
Coruscant cuttlefish,https://harrypotter.fandom.com/wiki/Coruscant_cuttlefish,,,,,,,,,,,,,Mortal,,,,Cuttlefish,,Blue and luminous,,Extant (as of the 2010s),,
Crup,https://harrypotter.fandom.com/wiki/Crup,,Wizardkind,Resembles the Jack Russell terrierForked TailFiercely loyal towards wizardsHostile towards Muggles and SquibsSkilful scavengers,,,,,White and brown,,,,XXX,Mortal,England,,,Dog,,,,Extant,,
Demiguise,https://harrypotter.fandom.com/wiki/Demiguise,,,Could become invisiblePrecognitive sightPeaceful temperamentHerbivorous,,BlackBlue when predicting future,,,Silver,,,,XXXX,Mortal,Far East,,,Hidebehind,,Beige,,Extant,,
Diricawl,https://harrypotter.fandom.com/wiki/Diricawl,Dodo,,Apparated at willFlightless,,,Bluish-pink,,,,,,XX,Mortal,"Mauritius, Indian Ocean",,,Birds,,,,ExtantBelieved extinct by Muggles,,
Double-ended Newt,https://harrypotter.fandom.com/wiki/Double-ended_Newt,,,Two heads,,Yellow,,,,,,,Beast,Mortal,,,,Newt,,Green,,Extant,,
Doxy,https://harrypotter.fandom.com/wiki/Doxy,Biting Fairy,,Two sets of limbsBeetle-like wingsTwo rows of venomous teethCommon household pests,,,,,Black,,,,XXX,Mortal,North AmericaNorthern Europe,,,Fairy (possibly)Pixies (possibly),,PurpleBrown,,Extant,,
Dragon,https://harrypotter.fandom.com/wiki/Dragon,,Romanian Dragon SanctuaryChinese Dragon SanctuarySwedish dragon reservationDragon reserves,,,Varied by breed,,,,Varied by breed,,Varied by breed,XXXXX,Mortal,Worldwide,,,,,Varied by breed,,Extant,,Varied by breed
Antipodean Opaleye,https://harrypotter.fandom.com/wiki/Antipodean_Opaleye,,,Less aggressive than other dragon species,,Multicoloured,,,,,,,XXXXX,Mortal,New Zealand,,,Dragon,,Pearly,,Extant,,
Catalonian Fireball,https://harrypotter.fandom.com/wiki/Catalonian_Fireball,,,,,,,,,,,,XXXXX,Mortal,"Catalonia, Spain",,,Dragon,,,,Unknown,,
Chinese Fireball,https://harrypotter.fandom.com/wiki/Chinese_Fireball,Liondragon,Romanian Dragon SanctuaryChinese Dragon Sanctuary,Shot mushroom-shaped fire from nostrilsCarnivorousGenerally tolerant towards other dragonsFast and intelligent,,Yellow,,,,,,25ft,XXXXX,Mortal,China,,,Dragon,,Scarlet,,Extant,,
Common Welsh Green,https://harrypotter.fandom.com/wiki/Common_Welsh_Green,Welsh Green,Romanian Dragon Sanctuary,,,,,,,,,18ft,XXXXX,Mortal,Wales,,,Dragon,,Green,,Extant,,
Hebridean Black,https://harrypotter.fandom.com/wiki/Hebridean_Black,,MacFusty clanBanchory Bangers,,,Brilliant purple,,,,,,30ft,XXXXX,Mortal,"Hebrides Islands, Scotland",,,Dragon,,Dark,,Extant,,
Hungarian Horntail,https://harrypotter.fandom.com/wiki/Hungarian_Horntail,,Romanian Dragon Sanctuary,Extremely dangerous,,Yellow,,,,,,,XXXXX,Mortal,Hungary,,,Dragon,,Black,,Extant,,
Norwegian Ridgeback,https://harrypotter.fandom.com/wiki/Norwegian_Ridgeback,,Romanian Dragon Sanctuary,,,,,,,,,,XXXXX,Mortal,Norway,,,Dragon,,Black,,Extant,,
Peruvian Vipertooth,https://harrypotter.fandom.com/wiki/Peruvian_Vipertooth,,,,,,,,,,,15 ft,XXXXX,Mortal,Peru,,,Dragon,,Copper,,Extant,,
Portuguese Long-Snout,https://harrypotter.fandom.com/wiki/Portuguese_Long-Snout,,,Long snout,,Black,,,,,,20ft,XXXXX,Mortal,"Gerês, Portugal",,,Dragon,,Light green,,Unknown,,
Romanian Longhorn,https://harrypotter.fandom.com/wiki/Romanian_Longhorn,,,Two golden horns,,,,,,,,40ft,XXXXX,Mortal,Romania,,,Dragon,,Dark green,,Endangered,,
Swedish Short-Snout,https://harrypotter.fandom.com/wiki/Swedish_Short-Snout,,Romanian Dragon Sanctuary,Breathed blue flame from its nostrils,,,,,,,,22ft,XXXXX,Mortal,Sweden,,,Dragon,,Silvery blue,,Extant,,
Ukrainian Ironbelly,https://harrypotter.fandom.com/wiki/Ukrainian_Ironbelly,,,,,Deep red,,,,,,,XXXXX,Mortal,Ukraine,,,Dragon,,Metallic grey-silver,,Extant,,
Water dragon,https://harrypotter.fandom.com/wiki/Water_dragon,,,Inhabit bodies of waterUsually carry specific parasites,,,,,,,,,Beast,Mortal,Paris sewers (possibly),,,Dragon,,,,Extant,,
Dragon Shark,https://harrypotter.fandom.com/wiki/Dragon_Shark,,,,,,,,,,,,Beast,Mortal,Deep oceans,,,,,,,,,
Drake (creature),https://harrypotter.fandom.com/wiki/Drake_(creature),,,Large reptile,,,,,,,,,Beast,Mortal,,,,Dragon (possibly)Lizard (possibly),,Green,,,,
Dugbog,https://harrypotter.fandom.com/wiki/Dugbog,,,Resembled dead woodFinned pawsSharp teethOmnivorous,,Light green,,,,,,,XXX,Mortal,North AmericaSouth AmericaEurope,,,,,Dark green,,Extant,,
Erkling,https://harrypotter.fandom.com/wiki/Erkling,,,Feed upon human childrenShoot dartsHigh pitch cackles to lure children,,Yellow,,,,3 feet,,,XXXX,Mortal,"Black Forest and Bavaria, Germany",,,House-elves (possibly),,Brown,,"Extant, but heavily controlled",,
Erumpent,https://harrypotter.fandom.com/wiki/Erumpent,,,Explosive horn,,,,,,Medium sized (females could reach five times the size of a non-magical hippopotamus),,,XXXX,Mortal,Africa,,,,,Black,,Extant in small numbers,,
Fairy,https://harrypotter.fandom.com/wiki/Fairy,,,Very small diminutive humanoid with insect-like wingsPossessed weak magicVain natures,,Varies,,,Varies,1-5 inches,,,XX,Mortal,Existing worldwideTír na nÓg (possibly),,,PixieDoxy,,Varies,,Extant,,
Fire crab,https://harrypotter.fandom.com/wiki/Fire_crab,,Fire,Jewelled shell which is extremely valuableShoots flames from rear end,,Black,,,,,,,XXX,Mortal,Fiji,,,Blast-Ended Skrewt,,Grey,,Endangered,,
Giant Fire Crab,https://harrypotter.fandom.com/wiki/Giant_Fire_Crab,,,Larger than the average fire crab,,Red,,,,,,,XXX,Mortal,"Fijian rainforest, Fiji, Oceania",,,Fire Crab,,Grey,,Endangered,,
Firedrake,https://harrypotter.fandom.com/wiki/Firedrake,,Fire,Capable of flightShoots sparks of fire from tail,,,,,,,,,Beast,Mortal,,,,Lizard,,Yellow/Black,,Extant,,
Flobberworm,https://harrypotter.fandom.com/wiki/Flobberworm,,,HerbivorousMouths on both sidesToothlessProduces mucus,,,,,,,,Ten inches,X,Mortal,,,,,,BrownRedBlue,,Extant,,
Flying Seahorses,https://harrypotter.fandom.com/wiki/Flying_Seahorse,,,"Winged, capable of flightUsed as potion ingredients",,Black,,,,,,,,Mortal,Scotland,,,Seahorse,,Tan or red in colour,,Extant,,
Forest Raco,https://harrypotter.fandom.com/wiki/Forest_Raco,,,,,,,,,,,,Beast,Mortal,,,,,,,,,,
Fwooper,https://harrypotter.fandom.com/wiki/Fwooper,,,Song causes insanity,,Yellow,Brightly colouredOrangePinkLime greenYellow,,,,,,XXX,Mortal,Africa,,,,,,,Extant,,
Ghoul,https://harrypotter.fandom.com/wiki/Ghoul,,,SlimyBuck-toothedUglyHumanoidGenerally harmlessResembles Ogres,,Green,,,,,,,XX,Mortal,,,,HidebehindChameleon Ghoul,,Greyish green,,Extant,,
Chameleon Ghoul,https://harrypotter.fandom.com/wiki/Chameleon_Ghoul,,Dark Arts,Could disguise itself as an everyday object to avoid detectionAggressive,,Green,,,,,,,XX,Mortal,,,,Ghoul,,Greyish-green,,Extant,,
Giant Dung Beetle,https://harrypotter.fandom.com/wiki/Dung_beetle,,Ancient Egyptians,Consume faeces,,,,,,,,,,Mortal,Egypt,,,Scarab beetle,,,,Extant,,
Giant hairy slug elk,https://harrypotter.fandom.com/wiki/Giant_hairy_slug_elk,,,,,,,,,,,,Beast,Mortal,,,,,,,,,,
Giant Purple Toad,https://harrypotter.fandom.com/wiki/Giant_Purple_Toad,Bullfrog,,"Thick, warted skinGreen tongueLarge in size",,BlackYellowOrange,,,,,,,Beast,Mortal,,,,Toad,,Purple,,Extant,,
Giant Squid,https://harrypotter.fandom.com/wiki/Giant_Squid,,Black LakeMagical Creatures Reserve,Enormous with lots of tentacles,,Yellow,,,,,,,Beast,Mortal,"Great Lake, Scotland",,,,,Blood red or purple,,Extant,,
Gigantic jellyfish,https://harrypotter.fandom.com/wiki/Gigantic_jellyfish,,Great Lake,,,,,,,,,,Beast[citation needed],Mortal,Scotland,,,Jellyfish,,Blue and purple,,Extant (most likely),,
Glow Bug,https://harrypotter.fandom.com/wiki/Glow_Bug,,,Luminescent,,"White, glowing",,,,,,,Beast,Mortal,,,,Worm,,Translucent/Luminescent,,Extant,,
Glumbumble,https://harrypotter.fandom.com/wiki/Glumbumble,,,Produces a treacleInfests beehives,,Black,,,Black,,,,XXX,Mortal,Northern Europe,,,,,Grey,,Extant,,
Gnome,https://harrypotter.fandom.com/wiki/Gnome,Garden gnomeGnomeGernumblies (plural),,Potato-like headsSharp biting teethHarmless natureTended to infest gardensFeasted on vegetation and wormsQuick breeders,,,,,,1 ft. (max.),,,XX,Mortal,EuropeNorth America,,,,,Brown,,Extant,,
Goblin Jellies,https://harrypotter.fandom.com/wiki/Goblin_Jellies,,,,,,,,,,,,Beast,Mortal,Deep oceans,,,,,,,,,
Goblin Vampire squid,https://harrypotter.fandom.com/wiki/Goblin_Vampire_squid,,,,,,,,,,,,Beast,Mortal,Deep oceans,,,,,,,,,
Golden Snidget,https://harrypotter.fandom.com/wiki/Golden_Snidget,Snidget,Quidditch (formerly),360° rotation wingsOriginally used in Quidditch,,Red,Golden,,,Smaller than 1',,,XXXX,Mortal,Northern Europe,,,Birds,,,,Endangered,,
Graphorn,https://harrypotter.fandom.com/wiki/Graphorn,,Trolls,Two gold hornsHumped backFour toes on each footRepels most spellsAggressive and dangerous nature,,,,,,,,,XXXX,Mortal,Mountains of Europe,,,,,Greyish-purple,,Endangered (1920s)Extant (2020s),,
Griffin,https://harrypotter.fandom.com/wiki/Griffin,,,Front half of a giant eagleRear half of a lionCapable of Flight,,Yellow,White and brown,,Brownish-yellow,,,,XXXX,,Greece,,,Hippogriff,,,,Extant,,
Grindylow,https://harrypotter.fandom.com/wiki/Grindylow,Pollywiggle (in Ilkley)Candypole (in Kettlewell)Jarvis (in Sheffield),MerpeopleDark Arts,HornedAggressive natureInhabit waterCarnivorous,,YellowWhiteGreen,,,,Less than 5 feet,,,XX,Mortal,Great BritainIreland,,,,,Sickly green,,Extant,,
Hidebehind,https://harrypotter.fandom.com/wiki/Hidebehind,,,Resembles a spectreNocturnalCan turn invisibleShapeshiftingCarnivorous; feeds on humans,,,,,Silver,,,,XXXX,Mortal,"Massachusetts, United States of America, North America",,,DemiguiseGhoul,,,,Extant,,
Hinkypunk,https://harrypotter.fandom.com/wiki/Hinkypunk,,Dark Arts,Looks like smokeBears a lanternLures travellers into dangerous bogsTurns solid when illuminated,,,,,,,,,Beast,Mortal,Scotland,,,,,,,Extant,,
Hippocampus,https://harrypotter.fandom.com/wiki/Hippocampus,,Merpeople,Horse's upper bodyFish's lower bodyLives in water,,Varies,,,,,,,XXX,Mortal,Greece,,,,,BlueRed,,Extant,,
Hippogriff,https://harrypotter.fandom.com/wiki/Hippogriff,,,Front half of a giant eagleRear half of a  horseCapable of flightCarnivorous,,Orange,Same as hair colour,,Stormy greyChestnutBronzePinkish roanInky black,3 metres,,,XXX,Mortal,Europe,,,Griffin,,,,Extant,,10 metres
Hodag,https://harrypotter.fandom.com/wiki/Hodag,,,Frog-headedRoughly the size of a large dogHorned (horns have magical properties)Inhabits Muggle farmsFeeds on Mooncalves,,"Red, glowing",,,Black and grey,,,,XXX,Mortal,"North America, mostly Wisconsin",,,,,Black,,Extant,,
Horklump,https://harrypotter.fandom.com/wiki/Horklump,,,Resembled mushroomSparsely covered with bristles,,,,,Black,,,,X,Mortal,Scandinavia,,,,,Pink,,Extant,,
Horned Serpent,https://harrypotter.fandom.com/wiki/Horned_Serpent,,,"Fierce, but intelligent eyesEmit a low musical note to sound dangerJewelled foreheadInhabits bodies of water",,BlueTurquoiseYellow,,,,,,,XXXXX,Mortal,North AmericaFar EastWestern Europe (formerly),,,Snake,,BlackTurquoisePurpleBrown,,Extant,,
Imp,https://harrypotter.fandom.com/wiki/Imp,,,Love of slapstick humourSimilar height to the PixieEats insects,,Yellow,,,Bald,Six to eight inches,,,XX,Mortal,Britain & Ireland,,,Pixie (most likely),,Grey,,Extant,,
Jackalope,https://harrypotter.fandom.com/wiki/Jackalope,,,"Resembles a Jack Rabbit, with the antlers of an antelope",,Brown,,,Brown,,,,Beast,Mortal,United States of America,,,,,,,Extant,,
Jarvey,https://harrypotter.fandom.com/wiki/Jarvey,Talking Ferret,,Resembled an overgrown ferretCapable of human speechLong bushy tailSharp teethPredatory and carnivorous,,Black,,,Brown,,,,XXX,Mortal,Great BritainIrelandNorth America,,,,,,,Extant,,
Jobberknoll,https://harrypotter.fandom.com/wiki/Jobberknoll,,,Screamed every sound it heard backwards before it diedInsect-based diet,,Black,Speckled blue,,,,,,XX,Mortal,Northern EuropeNorth America,,,Bird,,,,Extant,,
Kappa,https://harrypotter.fandom.com/wiki/Kappa,,Dark Arts,Water-filled hollow on top of headFeeds on human blood,,,,,,,,,XXXX,Mortal,Japan,,,,,Scaly,,Extant,,
Kelpie,https://harrypotter.fandom.com/wiki/Kelpie,,Water,Typically appeared as a horseAble to shapeshiftAte humans,,,,,,,,,XXXX,,Great BritainIreland,,,,,,,Extant,,
Knarl,https://harrypotter.fandom.com/wiki/Knarl,,,Almost identical to the hedgehogSavages gardensHerbivorous,,Black,,,Brown,,,,XXX,Mortal,Northern EuropeNorth America,,,,,Brown,,Extant,,
Kneazle,https://harrypotter.fandom.com/wiki/Kneazle,,Wizardkind,"Cat-like, flecked, speckled or spotted fur, out-sized ears and a tail like that of a lion'sHighly intelligentUncanny ability to detect untrustworthy individualsIndependentSometimes aggressiveCapable of guarding homes",,Varies,,,Varies,,,,XXX,Mortal,Britain,,,Cat,,,,Extant,,
Leprechaun,https://harrypotter.fandom.com/wiki/Leprechaun,Clauricorn,Irish National Quidditch team,Mischievous natureHerbivorous,,,,,,Six inches,,,XXX,Mortal,Ireland,,,,,Green,,Extant,,
Lethifold,https://harrypotter.fandom.com/wiki/Lethifold,Living Shroud,Dark Arts,Resembles a black cloakTaste for human flesh,,,,,,,,,XXXXX,,The tropics,,,Dementor (possibly),,Black,,Extant,,
Leucrotta,https://harrypotter.fandom.com/wiki/Leucrotta,,,Strongly resembled a moose in appearanceCapable of repeating/mimicking voices and soundsDisliked their teeth being brushed,,,,,Brown,Large,,,Beast,Mortal,,,,,,,,Extant,,
Lion Bison Moa,https://harrypotter.fandom.com/wiki/Lion_Bison_Moa,,,,,,,,,,,,Beast,Mortal,,,,LionBisonMoa,,,,,,
Lobalug,https://harrypotter.fandom.com/wiki/Lobalug,,Merpeople,Rubbery proboscisVenom sac,,,,,,,,~10 inches,XXX,Mortal,North Sea,,,,,Yellow,,Extant,,
Mackled Malaclaw,https://harrypotter.fandom.com/wiki/Mackled_Malaclaw,Malaclaw,,Resembled lobstersBites caused bad luckCaused illness when eaten,,Black,,,,,,12 inches,XXX,Mortal,Europe,,,,,Grey with green spots,,Extant,,
Manticore,https://harrypotter.fandom.com/wiki/Manticore,,Dark Arts,"Head of a humanLion's bodyScorpion's tail with highly poisonous stingerCapable of human speechExtremely violent, dangerous and carnivorousSkin resistant to most spells",,,,,Golden,,,,XXXXX,Mortal,Greece,,,,,,,Extant,,
Marmite,https://harrypotter.fandom.com/wiki/Marmite,,,"Transparent, bio-luminescent bodyLong tentacles",,White,,,,,,,Beast,Mortal,,,,,,Transparent,,Extant,,
Matagot,https://harrypotter.fandom.com/wiki/Matagot,,French Ministry of Magic,"Resembles black cat in appearanceCapable of multiplyingNormally harmless, vicious when provoked",,Light blue,,,,,,,Beast,,France (possibly),,,,,Black,,Extant,,
Merpeople,https://harrypotter.fandom.com/wiki/Merperson,Mermaid (female)Merman (male)Merpeople (plural),,Fish-like attributesWater-inhabitant,,Varies,,,Varies,Varies,,,XXXX,,"Originally Greece, now found worldwide",,,Sub-speciesSirenSelkieMerrow,,Varies,,Extant,,
Merrow,https://harrypotter.fandom.com/wiki/Merrow,,,Less beautiful than sirens,,Varies,,,Varies,Varies,,,XXXX,,Ireland,,,MerpeopleSelkie,,Varies,,Extant,,
Selkie,https://harrypotter.fandom.com/wiki/Selkie,,,Less beautiful than sirens,,Varies,,,Varies,,,,XXXX,,Scotland,,,MerpeopleMerrow,,Varies,,Extant,,
Siren,https://harrypotter.fandom.com/wiki/Siren,,,Considered beautiful,,Varies,,,Varies,,,,XXXX,Mortal (likely),Greece,,,Merpeople,,Varies,,Extant,,
Moke,https://harrypotter.fandom.com/wiki/Moke,,,Shrinks at will,,,,,,,,Ten inches,XXX,Mortal,Great BritainIreland,,,Lizard,,Silver-green,,Extant,,
Mooncalf,https://harrypotter.fandom.com/wiki/Mooncalf,,,Comes out only during full moonCreates crop circles with mating dance,,Blue-green,,,Pale grey,,,,XX,Mortal,Existing worldwide,,,,,Pink,,Extant,,
Murtlap,https://harrypotter.fandom.com/wiki/Murtlap,,Water,Resembles rat but with tentaclesCarnivorous,,,,,,,,,XXX,Mortal,Great Britain,,,,,Pale pink,,Extant,,
Muskrill,https://harrypotter.fandom.com/wiki/Muskrill,,,Bio-luminescent,,Light-blue,,,,,,,Beast,Mortal (likely),,,,,,White,,Extant (likely),,
Niffler,https://harrypotter.fandom.com/wiki/Niffler,,,Rodent-likeLong snoutAttracted to shiny objects and metalsSkilled at hunting for treasureCan wreck indoor environments,,,,,BlackBrownTeal,,,,XXX,Mortal,Great Britain,,,,,,,Extant,,
Nogtail,https://harrypotter.fandom.com/wiki/Nogtail,,Dark Arts,Long legsThick stubby tailSuckled pigsExceptionally fast and hard to catch,,Black,,,,,,,XXX,Mortal,EuropeRussiaNorth AmericaSouth America,,,,,Brown,,Extant,,
Nundu,https://harrypotter.fandom.com/wiki/Nundu,,,Resembles leopard or lion in appearanceToxic breathMoved silentlyCarnivorous,,,,,Yellow with black spots,,,,XXXXX,Mortal,East Africa,,,,,,,Extant,,
Occamy,https://harrypotter.fandom.com/wiki/Occamy,,,Serpentine appearanceWingedExtremely aggressiveCarnivorousProtective of eggsCapable of Choranaptyxis,,,Teal,,Purple,,,Fifteen feet,XXXX,Mortal,Far EastIndia,,,,,Turquoise,,Extant,,
Oni,https://harrypotter.fandom.com/wiki/Oni,,,Horned,,,,,,,,,Beast,Mortal,Japan,,,,,,,Extant (as of 1987),,
Peluda,https://harrypotter.fandom.com/wiki/Peluda,,,CarnivorousAquaticCovered in spikes,,,,,,,,,Beast,Mortal,,,,,,White,,,,
Phoenix,https://harrypotter.fandom.com/wiki/Phoenix,,Dumbledore family,Reborn from ashes upon deathImmense strengthTears had healing powersCapable of singing soul-touching songStrictly herbivorous,,Black,ScarletGolden tail,,,,,,XXXX,Immortal,EgyptIndiaChina,,,Hoo-hooThunderbird,,,,Extant,,
Pixie,https://harrypotter.fandom.com/wiki/Pixie,,,Revels in mischiefBlue skin,,Black,,,,Eight inches (about 20 centimetres),,,XXX,,"Cornwall, England (mostly)",,,FairyDoxy,,Electric blue,,Extant,,8 inches (estimate)
Cornish Pixie,https://harrypotter.fandom.com/wiki/Pixie,,,Revels in mischiefBlue skin,,Black,,,,Eight inches (about 20 centimetres),,,XXX,,"Cornwall, England (mostly)",,,FairyDoxy,,Electric blue,,Extant,,8 inches (estimate)
Plimpy,https://harrypotter.fandom.com/wiki/Plimpy,,Merpeople,Round in shapeHas two legs,,,,,,,,,XXX,Mortal,Worldwide,,,,,Yellowish,,Extant,,
Pogrebin,https://harrypotter.fandom.com/wiki/Pogrebin,,Dark Arts,HairyOversized grey headAttracted to and attacked humans,,,,,,1 foot,,,XXX,Mortal,Russia,,,,,,,Extant,,
Porlock,https://harrypotter.fandom.com/wiki/Porlock,,Horses,"Walked on two cloven hoovesMistrustful of humansRough, shaggy hairLarge noseSmall armsFour stubby fingers",,Blue,,,Red and brown,Two feet,,,XX,Mortal,EnglandSouthern Ireland,,,,,Black,,Extant,,
Puffskein,https://harrypotter.fandom.com/wiki/Puffskein,,,"Small and furrySpherical shapeScavenger; ate leftovers, spiders, moths and bogeysEmitted low humming sound when happyHair had magical properties",,,,,Custard (also described as yellow),,,,XX,Mortal,,,,Pygmy PuffAppaloosa PuffskeinFanged Puffskein,,,,Extant,,
Appaloosa Puffskein,https://harrypotter.fandom.com/wiki/Appaloosa_Puffskein,American Puffskein,,,,,,,,,,,XX,Mortal,"New York, United States of America",,,PuffskeinPygmy PuffFanged Puffskein,,,,Extinct,,
Fanged Puffskein,https://harrypotter.fandom.com/wiki/Fanged_Puffskein,,,Fanged,,Yellow,,,Black,,,,Beast,Mortal,,,,PuffskeinPygmy PuffAppaloosa Puffskein,,,,Extant,,
Pygmy Puff,https://harrypotter.fandom.com/wiki/Pygmy_Puff,,,,,,,,Pink or Purple,,,,XX,,,,,PuffskeinAppaloosa PuffskeinFanged Puffskein,,,,Extant,,
Pygmy Kraken,https://harrypotter.fandom.com/wiki/Pygmy_Kraken,,,Had many tentaclesBio-luminescent,,Bright blue,,,,,,,Beast,,,,,,,Greyish,,,,
Qilin,https://harrypotter.fandom.com/wiki/Qilin,,,"Possessed the ability to see into a person's soulPossessed precognitive abilitiesPart-dragon, part-horse",,,,,Light brown,,,,Beast,Mortal,"Kweilin, China",,,,,Brown and white skin and fur,,,,
Quintaped,https://harrypotter.fandom.com/wiki/Quintaped,Hairy MacBoons,,"Five legsCarnivorous, taste for human fleshExtremely dangerous and hostile towards humans",,,,,Red-brown,,,,XXXXX,Mortal,Isle of Drear,,,,,,,Extant,,
Ramora,https://harrypotter.fandom.com/wiki/Ramora,,,Anchors ships in placeEuryhaline,,,,,,,,Longer than ships,XX,,Indian Ocean,,,,,Silver,,Extant,,
Red Cap,https://harrypotter.fandom.com/wiki/Red_Cap,,,Dwarf-like appearanceAttracted to spilt human bloodBludgeons unwary to death,,Red,,,,3-4 feet,,,XXX,Mortal,Northern Europe,,,,,Green,,Extant,,
Re'em,https://harrypotter.fandom.com/wiki/Re%27em,,,Resembles an OxBlood increases strength of drinker,,,,,Golden,,,,XXXX,Mortal,North AmericaFar East,,,,,,,Extant,,
Runespoor,https://harrypotter.fandom.com/wiki/Runespoor,,Dark wizards (formerly),Three heads,,,,,,,,Six to seven feet,XXXX,Mortal,"Burkina Faso, Africa",,,,,Orange with black stripes,,Extant,,
Salamander,https://harrypotter.fandom.com/wiki/Fire_Dwelling_Salamander,Fire SalamanderSalamander,,Typically on fireDwell in Salamander fire,,Black,,,,,,,XXX,Mortal,Existing worldwide,,,Amazonian SalamandersPeruvian SalamandersFrost Salamanders,,Scarlet red,,Extant,,
Amazonian Salamander,https://harrypotter.fandom.com/wiki/Amazonian_Salamander,,Fire,Can have green skin,,,,,,,,,XXX,Mortal,Amazon rainforest,,,Fire Dwelling Salamander,,Green,,Extant,,
Blue salamander,https://harrypotter.fandom.com/wiki/Blue_salamander,,,Body temperature below freezing,,Black,,,,,,,XXX,Mortal,Antarctica,,,Fire Dwelling Salamander,,Blue,,Extant,,
Frost Salamander,https://harrypotter.fandom.com/wiki/Frost_Salamander,,,Body temperature below freezing,,Black,,,,,,,XXX,Mortal,Antarctica,,,Fire Dwelling Salamander,,Blue,,Extant,,
Peruvian Salamander,https://harrypotter.fandom.com/wiki/Peruvian_Salamander,,Fire,Purple skin,,Black,,,,,,,XXX,Mortal,Peru,,,Salamander,,Purple,,Extant,,
Sea serpent,https://harrypotter.fandom.com/wiki/Sea_serpent,,,Horse-like headSerpentine bodyPeaceful temperament,,,,,,,,100 feet,XXX,,Atlantic OceanPacific OceanMediterranean SeaGreat Lake,,,Selma,,,,Extant,,
Secondary,https://harrypotter.fandom.com/wiki/Secondary,,,,,,,,,,,,Beast,Mortal,Deep ocean,,,,,,,,,
Selma,https://harrypotter.fandom.com/wiki/Selma,,Norwegian National Quidditch team,"Aggressive temperamentCarnivorous, feeds on fish and human flesh",,,,,,,,,Beast,Mortal,Norway,,,Sea serpent,,,,Extant,,
Shrake,https://harrypotter.fandom.com/wiki/Shrake,,,Covered in sharp spines that can destroy fishing nets,,,,,,,,,XXX,Mortal,Atlantic Ocean,,,Fish,,,,Extant,,
Six-legged panda pig,https://harrypotter.fandom.com/wiki/Six-legged_panda_pig,,,Presumably a hybrid between a panda and a pigHas six legs,,,,,Black and white,,,,Beast,Mortal (likely),,,,PandaPig,,,,Extant (possibly),,
Snallygaster,https://harrypotter.fandom.com/wiki/Snallygaster,,,Part-bird and part-reptileResembles dragonsSerrated steel fangs to pierce preyNaturally curious natureBulletproof hide,,,,,,,,,XXXX,Mortal,United States of America,,,Occamy,,,,Extant,,
Sphinx,https://harrypotter.fandom.com/wiki/Sphinx,,,Human head and faceLion bodyHighly intelligentCapable of human speechDelights in puzzles and riddlesViolent nature,,Almond-shapedHazel,,,Brown,,,,XXXX,,Egypt,,,,,,,Extant,,
Squonk,https://harrypotter.fandom.com/wiki/Squonk,,,,,,,,,,,,Beast,Mortal,,,,,,,,,,
Streeler,https://harrypotter.fandom.com/wiki/Streeler,Poisonous orange snailGiant Orange Snail,,"Changes colour hourlyToxic trail, spikes and shells",,,,,,Giant,,,XXX,Mortal,Africa,,,Snails,,Brown,,Extant,,
Swamp Lepus,https://harrypotter.fandom.com/wiki/Swamp_Lepus,,,,,,,,,,,,Beast,Mortal,,,,Temperate zone,,,,,,
Swooping Evil,https://harrypotter.fandom.com/wiki/Swooping_Evil,,Dark Arts,Resembles large butterflyWolf-like skullSpiked wingsShrinks into green spiny cocoon when not in flightFeeds on human brainsTough skin can deflect spellsVenomous,,,,,,,,,Beast,Mortal,,,,,,Blue and green,,Extant,,
Tebo,https://harrypotter.fandom.com/wiki/Tebo,,,Highly dangerousCan turn invisibleExtremely difficult to capture or evade,,Brown,,,Ashen,,,,XXXX,Mortal,CongoZaire,,,Warthog,,,,Extant,,
Three-Headed Dog,https://harrypotter.fandom.com/wiki/Three-Headed_Dog,Cerberus,,Three headsLarger and stronger than non-magical dogs,,Black,,,Brown,,,,Beast,Mortal,Greece,,,Dog,,,,Extant,,
Thunderbird,https://harrypotter.fandom.com/wiki/Thunderbird,,,Can magically create stormsHighly sensitive to danger,,,Gold/White,,,,,,XXXX,Mortal,"Arizona, United States of America",,,Phoenix,,White,,Extant,,
Thornback,https://harrypotter.fandom.com/wiki/Thornback,,,Large spider,,Yellow,,,,,,,Beast,,"Forbidden Forest, Scotland",,,Spider,,Various,,Extant,,
Thornback Ambusher,https://harrypotter.fandom.com/wiki/Thornback_Ambusher,,,,,Red,,,,,,,Beast,Mortal,Scotland,,,Thornback,,White and red,,Extant,,
Thornback Hatchling,https://harrypotter.fandom.com/wiki/Thornback_Hatchling,,,,,Red,,,,,,,Beast,Mortal,Scotland,,,Thornback,,Yellow,,Extant,,
Thornback Matriarch,https://harrypotter.fandom.com/wiki/Thornback_Matriarch,,,,,Orange,,,,,,,Beast,Mortal,Scotland,,,ThornbackThornback ShooterThornback Scurriour,,Purple,,Extant,,
Thornback Scurriour,https://harrypotter.fandom.com/wiki/Thornback_Scurriour,,,,,Red,,,,,,,Beast,Mortal,Scotland,,,ThornbackThornback Shooter,,Yellow,,Extant,,
Thornback Shooter,https://harrypotter.fandom.com/wiki/Thornback_Shooter,,,Venomous,,Red,,,,,,,Beast,Mortal,Scotland,,,Thornback,,Green,,Extant,,
Troll,https://harrypotter.fandom.com/wiki/Troll,,Norwegian National Quidditch team,Giant-like appearanceLow intelligenceGenerally aggressive natureCarnivorous,,Varies,,,,12 feet,,,XXXX,Mortal,Europe(originally Scandinavia),,,Yeti (possibly),,Varies,,Extant,,
Forest Troll,https://harrypotter.fandom.com/wiki/Forest_Troll,Troll,,Straggly hair,,,,,GreenBrown,Less than 12 feet,,,XXXX,Mortal,Forbidden ForestForests,,,River trollsMountain trolls,,Pale green,,Extant,,
Mountain Troll,https://harrypotter.fandom.com/wiki/Mountain_Troll,Troll,,Giant clubSmall head on large bodyGreat strength,,,,,None (bald)Whiskers,12 feet (roughly),,,XXXX,,Mountainous countryside,,,River trollsForest trolls,,Pale grey,,Extant,,
River Troll,https://harrypotter.fandom.com/wiki/River_Troll,Troll,,Short horns,,,,,,Less than 12 feet,,,XXXX,Mortal,RiversBeneath bridges,,,Mountain trollsForest trolls,,,,Extant,,
Troll of Nadroj,https://harrypotter.fandom.com/wiki/Troll_of_Nadroj,,,Giant clubHorned legsHuge hands,,,,,,Twelve feet,,,XXXX,,,,,Mountain trollRiver trollForest troll,,,,Extant,,
Unicorn,https://harrypotter.fandom.com/wiki/Unicorn,,,"Single horn on headPure white coatGolden hoovesFriendlier towards witches than wizardsBlood, hair and horn all have potent magical properties",,,,,White (mature)Silver (aged 2-7)Gold (first 2 years),,,,XXXX,Mortal,Northern Europe,,,Horses,,,,Extant,,
Vampyr Mosp,https://harrypotter.fandom.com/wiki/Vampyr_Mosp,,,Wasp-moth hybridGiant and aggressivePainful stingAttracted to the scent of flowers,,,,,,,,,Beast,Mortal,Scotland (possibly),,,,,Purple or Red,,Extant,,
Venomous Scurriour,https://harrypotter.fandom.com/wiki/Venomous_Scurriour,,Forbidden Forest,Venomous,,Red,,,,,,,Beast,Mortal,Scotland,,,Spider,,Yellow,,Extant,,
Venomous Ambusher,https://harrypotter.fandom.com/wiki/Venomous_Ambusher,,Forbidden Forest,,,Red,,,,,,,Beast,Mortal,Scotland,,,,,White and red,,Extant,,
Venomous Hatchling,https://harrypotter.fandom.com/wiki/Venomous_Hatchling,,Forbidden Forest,,,Red,,,,,,,Beast,Mortal,Scotland,,,,,Yellow,,Extant,,
Venomous Matriarch,https://harrypotter.fandom.com/wiki/Venomous_Matriarch,,Forbidden Forest,,,Red,,,,,,,Beast,Mortal,Scotland,,,,,Purple,,Extant,,
Venomous Scurriour,https://harrypotter.fandom.com/wiki/Venomous_Scurriour,,Forbidden Forest,Venomous,,Red,,,,,,,Beast,Mortal,Scotland,,,Spider,,Yellow,,Extant,,
Venomous Shooter,https://harrypotter.fandom.com/wiki/Venomous_Shooter,,Forbidden Forest,,,Red,,,,,,,Beast,Mortal,Scotland,,,,,Green,,Extant,,
Wampus cat,https://harrypotter.fandom.com/wiki/Wampus_cat,,,Eyes capable of hypnosis and legilimencyIncredibly fast and strongAlmost impossible to kill,,Yellow,,,Light brown and white,,,,XXXXX,Mortal,"Appalachian Mountains, North America",,,Cat,,,,Extant,,
Water dragon parasite,https://harrypotter.fandom.com/wiki/Water_dragon_parasite,,,"Resembled spindly waterborne spiderUsually lived off water dragons, occasionally humansHighly venomous",,,,,,,,,Beast,Mortal,Paris sewers (possibly),,,,,,,Extant,,
Werewolf,https://harrypotter.fandom.com/wiki/Werewolf,LycanthropeWolf-person (By Cecil Lee),Lord VoldemortOrder of the PhoenixWerewolf army,"Almost indistinguishable in appearance from the true wolfShorter snout, more human-like eyes, the tufted tailAggression toward humansIncurable cursed condition",,Varies,,,Varies,,,,XXXXX,Mortal,World-wide,,,WolfHuman,,Varies,,Extant,,
Wetland Jack moose,https://harrypotter.fandom.com/wiki/Wetland_Jack_moose,,,,,,,,,,,,Beast,Mortal,,,,Temperate zone,,,,,,
Winged horse,https://harrypotter.fandom.com/wiki/Winged_horse,,,Horses with wings capable of flight,,,,,Varied,,,,XXXX,Mortal,Worldwide,,,HorseAbraxanAethonanGranianThestral,,,,Extant,,
Abraxan,https://harrypotter.fandom.com/wiki/Abraxan,Horse,Olympe MaximeBeauxbatons Academy of Magic,Large and winged,,Red,,,White,Larger than normal horse-size; similar to an elephant,,,XXXX,Mortal,,,,Winged horseAethonanGranianThestral,,Palomino,,Extant,,
Aethonan,https://harrypotter.fandom.com/wiki/Aethonan,Horse,,Winged horse,,,,,Chestnut,,,,XXXX,Mortal,Great BritainIreland,,,Winged horseAbraxanGranianThestral,,,,Extant,,
Granian,https://harrypotter.fandom.com/wiki/Granian,,,Moves quickly,,,,,Grey,,,,XXXX,Mortal,,,,Winged horseAbraxanAethonanThestral,,,,Extant,,
Thestral,https://harrypotter.fandom.com/wiki/Thestral,,Hogwarts School of Witchcraft and WizardryRubeus HagridLuna LovegoodHarry PotterDark Arts,Only visible to those who had witnessed death and accepted its realityCarnivorous,,White,,,Black,Larger than a wingless horse,,Larger than a wingless horse,XXXX,,British IslesFranceIberian PeninsulaIreland,,,Winged horseAbraxanAethonanGranian,,Black,,Extant,,
Wyvern,https://harrypotter.fandom.com/wiki/Wyvern,,,Two pairs of wingsLong and prehensile tailCapable of inflating sections of its bodyCapable of lifting the weight of a full-grown human being with its tail alone,,,,,,,,,Beast,,,,,,,,,Extant,,
Wyvern of Wye,https://harrypotter.fandom.com/wiki/Wyvern_of_Wye,,,,,,,,,,,,,,,,,,,,Wyvern,,,
Yeti,https://harrypotter.fandom.com/wiki/Yeti,BigfootThe Abominable Snowman,,Human-like traitsCarnivorousFears fire,,,,,White,15 feet,,,XXXX,Mortal,Tibet,,,Troll (possibly),,Grey,,Extant,,
Zouwu,https://harrypotter.fandom.com/wiki/Zouwu,,,Striped bodyManed headFour fangsLong tailIncredibly powerful and fast,,Yellow,,,Orange,Size of an elephant,,,Beast,,China,,,Cat,,,,Extant,,
Giant,https://harrypotter.fandom.com/wiki/Giant,,Dark ArtsLord VoldemortGiant colony,Very large humanoidOften violent and bloodthirsty,,Varies,,,Varies,20–25 feet,,Large,Being,,EuropeNorth America (1920s),,,Human,,Varies,,Extant,,
Goblin,https://harrypotter.fandom.com/wiki/Goblin,,Gringotts Wizarding Bank,,,Black,,,White,48 inches,,,Being,Mortal,Europe (originally)North America,,,Dark GoblinHumanPukwudgie,,Light,,Extant,,
Dark Goblin,https://harrypotter.fandom.com/wiki/Dark_Goblin,,,Bear a sickle,,Black,,,,48 inches,,,,Mortal,Great Britain,,,Goblin,,Red,,Extant,,
Hag,https://harrypotter.fandom.com/wiki/Hag,,Wizarding worldDark Arts,"Resembled an ugly, old witch covered in wartsHad four toes on each footHad a taste for the flesh of human childrenPossessed Rudimentary magic",,"Green, among others",,,,,,,Being,Mortal,RussiaEurope,,,Human,,Pale,,Extant,,
Half-breed,https://harrypotter.fandom.com/wiki/Half-breed,,,,,,,,,,,,,,,,,,,,,,,
Part-elf,https://harrypotter.fandom.com/wiki/Part_elf,Half-elf,,Half-breed between house-elves and humansPossess weak magic,,,,,,,,,Being,Mortal,,,,House-elvesHumansWizards,,,,Extant,,
Part-giant,https://harrypotter.fandom.com/wiki/Half-giant,Part-giant,,Half-breed between giants and humansExtremely large height and buildMagical abilitiesSpell resistance,,Varies,,,Varies,Very tall by human standards,,,Being,Mortal,Worldwide,,,GiantsHumansWizards,,Varies,,Extant,,
Part-goblin,https://harrypotter.fandom.com/wiki/Half-goblin,Part-goblin,,Half-breed between goblins and humansShort stature and inhuman-shaped head,,Varies,,,,Short,,,Being,,Varies,,,GoblinsHumansWizards,,Human-like tones and colours,,Extant,,
Part-human,https://harrypotter.fandom.com/wiki/Half-breed,,,,,,,,,,,,,,,,,,,,,,,
Part-troll,https://harrypotter.fandom.com/wiki/Part-troll,Half-troll,,Half-breed between trolls and humansAggressive personalityOdorousExceptional strength,,,,,,,,,Beast or being,Mortal,,,,TrollsHumansWizards,,,,Extant,,
Part-vampire,https://harrypotter.fandom.com/wiki/Part-vampire,Half-vampire,Vampires,Half-breed between vampires and humans,,,,,,,,,Being,Mortal,,,,VampiresHumansWizards,,Pale,,Extant,,
Part-Veela,https://harrypotter.fandom.com/wiki/Part-Veela,Part-Veela,,Half-breed between Veela and humans,,,,,Often light,,,,Being,Mortal,,,,VeelaHumansWizards,,,,Extant,,
House-Elf,https://harrypotter.fandom.com/wiki/House-Elf,Elf (for short),Wizardkind,Short and skinnyBat-like earsPossessed powerful magicServed wizards and witches,,Varies,,,Grey,3',,,Being,Mortal,,,,YumboesErklings (possibly)Imps (possibly),,Varies,,Extant,,
Yumbo,https://harrypotter.fandom.com/wiki/Yumbo,,Senegalese National Quidditch team (team mascots),"Spiteful disposition; tend to steal food from humansPossess powerful magic, including the ability to apparate at will",,,,,,,,,,,Africa,,,House-elf,,,,Extant,,
Human,https://harrypotter.fandom.com/wiki/Human,WomenMen,MugglesWizards and WitchesSquibs,Bipedal,,Varies,,,Varies,Approx. 1.50 to 2.10 metres,,,Being,Mortal,Earth,,,ApesGiantsGoblinsHalf-breedsHouse-elvesTrollsVampiresVeela,,Varies,,Extant,,
Non-magic person,https://harrypotter.fandom.com/wiki/Non-magic_people,Muggles (Great Britain)No-Majs (USA)Non-Magiques (France)Can't-SpellsNon-wizards,Muggle-bornsSquibsMuggle world,Lack the ability to perform magicMost are unaware of the wizarding worldUse electronic/mechanical technology and science,,Varies,,,Varies,,,,Being,Mortal,Worldwide,,,WizardkindSquibs,,Varies,,Extant,,
Squib,https://harrypotter.fandom.com/wiki/Squib,,WizardkindMuggles,Wizarding parentage but cannot use magic,,Varies,,,Varies,Varies,,,Being,Mortal,,,,WizardkindNon-magic people,,Varies,,Extant,,
Wizard,https://harrypotter.fandom.com/wiki/Wizardkind,Wizards and witchesSorcerers and sorceresses,Muggle-bornsHalf-bloodsPure-bloodsWizarding world,Typically wear long robes and pointed hatsCarry wands and broomsticksPossess and capable of using magicGenerally abstain from using modern technology,,Varies,,,Varies,Varies,,,Beings,Mortal,Worldwide,,,MugglesSquibsUnderbeingsHalf-breeds,,Varies,,Extant,,
Animagus,https://harrypotter.fandom.com/wiki/Animagus,,,,,,,,,,,,,,,,,,,,,,,
Late-bloomer,https://harrypotter.fandom.com/wiki/Late-bloomer,,,,,,,,,,,,,,,,,,,,,,,
Legilimens,https://harrypotter.fandom.com/wiki/Legilimency,,,,,,,,,,,,,,,,,,,,,,,
Maledictus,https://harrypotter.fandom.com/wiki/Maledictus,,,,,,,,,,Nagini,,,,,A female-only inheritable blood malediction,,,,,,,,
Metamorphmagus,https://harrypotter.fandom.com/wiki/Metamorphmagus,,,,,,,,,,,,,,,,,,,,,,,
Obscurial,https://harrypotter.fandom.com/wiki/Obscurial,,,,,,,,,,,,,,,,,,,,,,,
Occlumens,https://harrypotter.fandom.com/wiki/Occlumency,,,,,,,,,,,,,,,,,,,,,,,
Parselmouth,https://harrypotter.fandom.com/wiki/Parseltongue,,,,,,,,,,,,,,,,,,,,,,,
Seer,https://harrypotter.fandom.com/wiki/Seer,,,,,,,,,,,,,,,,,,,,,,,
Troll,https://harrypotter.fandom.com/wiki/Troll,,Norwegian National Quidditch team,Giant-like appearanceLow intelligenceGenerally aggressive natureCarnivorous,,Varies,,,,12 feet,,,XXXX,Mortal,Europe(originally Scandinavia),,,Yeti (possibly),,Varies,,Extant,,
Underbeing,https://harrypotter.fandom.com/wiki/Underbeing,,,,,,,,,,,,,,,,,,,,,,,
Vampire,https://harrypotter.fandom.com/wiki/Vampire,,Living Dead,Sharp fangsNocturnalBlood-consumingAllergic to garlic,,Black,,,,Tall,,,Being,Mortal,Black ForestRomaniaTransylvaniaGreat BritainUnited States of America,,,HumanSasabonsam (possibly),,Pale,,Extant,,
Veela,https://harrypotter.fandom.com/wiki/Veela,,Bulgarian National Quidditch team,"Very beautiful; can charm humansWhile angry, they transform into harpy-like creatures",,Various colours (mostly blue),,,White-gold,,,,Being,Mortal,Bulgaria,,,Human,,Lustrous white,,Extant,,
Werewolf,https://harrypotter.fandom.com/wiki/Werewolf,LycanthropeWolf-person (By Cecil Lee),Lord VoldemortOrder of the PhoenixWerewolf army,"Almost indistinguishable in appearance from the true wolfShorter snout, more human-like eyes, the tufted tailAggression toward humansIncurable cursed condition",,Varies,,,Varies,,,,XXXXX,Mortal,World-wide,,,WolfHuman,,Varies,,Extant,,
Animal ghost,https://harrypotter.fandom.com/wiki/Animal_ghost,Animal spirit,,Spirits of deceased animals,,,,,,,,,Spirit,Already dead,Great Britain,,,Human ghosts,,,,Extant,,
Ghost horse,https://harrypotter.fandom.com/wiki/Ghost_horse,,Headless Hunt,,,Greyish-silver,,,Greyish-silver,,,,Spirit,Already dead,,,,HorseAnimal ghost,,Greyish-silver,,Extant,,
Apparition,https://harrypotter.fandom.com/wiki/Apparition_(spirit),,,,,,,,,,,,,,,,,,,,,,,
Banshee,https://harrypotter.fandom.com/wiki/Banshee,,Dark Arts,Zombie-like appearanceFatal scream,,Varies,,,Black,,,,SpiritDark spirit,Amortal,Ireland,,,,,Green-tinged,,Extant,,
Fear Incarnate,https://harrypotter.fandom.com/wiki/Fear_Incarnate,,Fear,,,,,,,,,,,Amortal,,,,,,,,,,
Ghost,https://harrypotter.fandom.com/wiki/Ghost,PhantomSpectre,Hogwarts CastleWizarding world,Three-dimensional imprint of deceased wizards and witchesTransparentLimited physical influence,,Greyish-silver,,,Greyish-silver,,,,Spirit,Already dead,Worldwide,,,WizardkindAnimal ghosts,,Greyish-silver,,Extant,,
Angry Skull,https://harrypotter.fandom.com/wiki/Angry_Skull,,Dark Arts,AggressivePossessed by a spirit,,,,,,,,,Spirit,Already dead,,,,Cursed SkullCharmed Skeleton (possibly)Ghost,,White,,Extant,,
Cursed Skull,https://harrypotter.fandom.com/wiki/Cursed_Skull,,Dark Arts,AgressivePoisonousPossessed by a spirit,,,,,,,,,Spirit,Already dead,,,,Angry SkullCharmed Skeleton (possibly)Ghost,,Green,,Extant,,
Loose Hand,https://harrypotter.fandom.com/wiki/Loose_Hand,Severed HandDisembodied Hand,Dark Arts,Moves on its ownPossessed by spirit,,,,,,,,,Spirit,Already dead,,,,,,Varies,,Extant,,
Gytrash,https://harrypotter.fandom.com/wiki/Gytrash,,Dark Arts,Dog-like in appearanceForked tailAggressive towards humansRetreats from wand light,,Black,,,White,,,,"Spirit, Beast",,Woodlands of Great Britain,,,Dog,,White,,Extant,,
Phantom Rat,https://harrypotter.fandom.com/wiki/Phantom_Rat,,,Ghostly ratAggressive,,,,,Blue,,,,Spirit,Already dead,,,,Rat,,,,Extant,,
Giant Phantom Rat,https://harrypotter.fandom.com/wiki/Giant_Phantom_Rat,,,Ghostly ratAggressive,,,,,,,,,Spirit,Already dead,,,,Giant RatPhantom Rat,,,,Extant,,
Spectre Bat,https://harrypotter.fandom.com/wiki/Spectre_Bat,,,Ghost of a batCan stun victimsKeen hearingSharp sense of smell,,Green or red,,,,,,,Spirit,Already dead,Animal ghost,,,Bat,,Pale blue,,Extant,,
Spirit guide,https://harrypotter.fandom.com/wiki/Spirit_guide,,,,,,,,,,,,,,,,,,,,,,,
Boggart,https://harrypotter.fandom.com/wiki/Boggart,Boggle,Dark Arts,Transformed into the worst fear of the nearest observer(s),,Varies,,,Varies,,,,Non-being,Amortal,Worldwide,,,Bogeyman (possibly),,Varies,,Extant,,
Dementor,https://harrypotter.fandom.com/wiki/Dementor,,British Ministry of Magic (formerly)Azkaban (formerly)Death EatersLord VoldemortDark ArtsHogwarts School of Witchcraft and Wizardry (briefly),"Capable of draining humans of happy thoughts, memories, and emotionsCapable of the Dementor's KissHovered effortlessly inches above the groundNegatively altered atmosphere and magically created fogForced victims to relive their worst memories",,,,,,,,,Non-being,Amortal,Azkaban (formerly),,,Lethifold (possibly),,Scabby grey,,Extant,,
Poltergeist,https://harrypotter.fandom.com/wiki/Poltergeist,None,,"Causes chaosSimilar to a ghost, but solid and can move objectsWas never a living human being",,Varies,,,Varies,,,,Non-being,Amortal,Worldwide,,,,,Varies,,Extant,,
Caipora,https://harrypotter.fandom.com/wiki/Caipora,,Castelobruxo,Extraordinarily mischievous natureProtect the grounds of Castelobruxo at night,,Red,,,Red,,,,Spirit-being,,"Amazon rainforest, Brazil",,,,,Green,,Extant,,
Aquavirius Maggot,https://harrypotter.fandom.com/wiki/Aquavirius_Maggot,,,Supposedly look like brains,,,,,,,,,,,,,,,,Pale,,"Extant (allegedly), probably imaginary",,
Blibbering Humdinger,https://harrypotter.fandom.com/wiki/Blibbering_Humdinger,,,,,,,,,,,,,,,,,,,,,,,
Capricorn,https://harrypotter.fandom.com/wiki/Capricorn_(creature),,,,,,,,,,,,,,,,,,,,,,,
Crumple-Horned Snorkack,https://harrypotter.fandom.com/wiki/Crumple-Horned_Snorkack,Kacky Snorgle (by Ron Weasley)Crumple Headed Snorkack (by Selwyn),Lovegood family,"Has a long, curled hornVery shy and has a hump",,Black,,,,,,,,Mortal (possibly),Sweden (supposedly),,,,,Purple,,Mythical (most likely),,
Dabberblimp,https://harrypotter.fandom.com/wiki/Dabberblimp,,,,,,,,,,,,,,,,,,,,,,,
Exploding Snabberwitch,https://harrypotter.fandom.com/wiki/Exploding_Snabberwitch,,,,,,,,,,,,,,,,,,,,,,,
Gulping Plimpy,https://harrypotter.fandom.com/wiki/Gulping_Plimpy,,,Repelled by Gurdyroots,,Black,,,,,,,"Beast (likely, if real)",Mortal,,,,Plimpy,,Yellow and red,,Non-existent (most likely),,
Heliopath,https://harrypotter.fandom.com/wiki/Heliopath,,Cornelius Fudge (supposedly),Galloped and burned anything in its path (supposedly),,Black,,,Fiery,,,,Spirit,Mortal (possibly),,,,,,Black,,Extant (allegedly),,
Hydra,https://harrypotter.fandom.com/wiki/Hydra,,,Several heads,,,,,,,,,,,,,,,,,,"Extinct, mythical, or rare (possibly)",,
Moon Frog,https://harrypotter.fandom.com/wiki/Moon_Frog,,,Presumably imaginaryIt has alien-like antennae,,Black,,,,,,,,Mortal (possibly),The Moon (supposedly),,,Frog (possibly),,Blue,,Extant (allegedly),,
Nargle,https://harrypotter.fandom.com/wiki/Nargle,,,Possibly fictional creatureInfesting mistletoe,,Black,,,,,,,,Mortal,,,,,,Pink,,Unknown,,
Skin-walker,https://harrypotter.fandom.com/wiki/Skin-walker,,,,,,,,,,,,,,,,,,,,,,,
Umgubular Slashkilter,https://harrypotter.fandom.com/wiki/Umgubular_Slashkilter,,,,,,,,,,,,,,,,,,,,,,,
Weetimorousbeastie,https://harrypotter.fandom.com/wiki/Weetimorousbeastie,,,,,,,,,,,,Beast,,"Banks of River Clyde, Scotland",,,,,,,Mythical (possibly),,
5 Legger,https://harrypotter.fandom.com/wiki/5_Legger,,,Has five legs,,,,,,,,,,Mortal,,,,,,,,,,
Abarimon,https://harrypotter.fandom.com/wiki/Abarimon,,Circus Arcanus,Hairy humanoidBackwards feet,,,,,,,,,,Mortal (likely),,,,,,,,Extant,,
Albino bloodhound,https://harrypotter.fandom.com/wiki/Albino_bloodhound,,British Ministry of MagicDepartment for the Regulation and Control of Magical CreaturesPest Advisory Board,Lack of pigment in hair and eyes,,Pale blue,,,White,,,,,Mortal,,,,Dogs,,White,,Extant,,
Alizor of Westacottus,https://harrypotter.fandom.com/wiki/Alizor_of_Westacottus,,,Humanoid appearance,,,,,,,,,,,,,,,,,,Extant,,
Bee-like creature,https://harrypotter.fandom.com/wiki/Bee-like_creature,,,,,,,,Yellow and black,,,,Beast (likely),Mortal,,,,,,,,Extant (as of 1993),,
Bicorn,https://harrypotter.fandom.com/wiki/Bicorn,,,Two hornsAggressive disposition,,,,,,,,,Beast (most likely),Mortal,,,,Cattle (possibly),,,,Extant,,
Blind-Worm,https://harrypotter.fandom.com/wiki/Blind-Worm,,,Small eyesLegelessBurrowers,,,,,,Various height,,Various length,,Mortal,,,,,,Various colours,,Extant,,
Blood-Sucking Bugbear,https://harrypotter.fandom.com/wiki/Blood-Sucking_Bugbear,,,Blood-consuming (presumably),,,,,,,,,Beast (most likely),,Scotland,,,,,,,,,
Bogeyman,https://harrypotter.fandom.com/wiki/Bogeyman,,Dark Arts,Squints painfully when exposed to light,,,,,,,,,,,,,,Boggart (possibly),,,,Extant,,
Briar Toad,https://harrypotter.fandom.com/wiki/Briar_Toad,,,PoisonousBlemishes on skin,,Dark,,,,,,,,Mortal,Northern England,,,ToadWide-mouth toad,,Red,,Extant,,
Charmed skeleton,https://harrypotter.fandom.com/wiki/Charmed_skeleton,,Dark Arts (possibly),Reanimated skeleton,,"Green, sometimes none",,,,Varies,,,,Mortal,,,,InferiusZombie (possibly),,,,Extant,,
Cherub,https://harrypotter.fandom.com/wiki/Cherub,,,,,,,,,,,,,,,,,,,,,,,
Cliodna's birds,https://harrypotter.fandom.com/wiki/Cliodna%27s_birds,,,,,,,White,,,,,,,,,,,,,Birds,,,
Cobra Lily,https://harrypotter.fandom.com/wiki/Cobra_Lily,,,,Plant/snake hybridAggressive,,,,,,,,,,,,,CobraLily,Sentient,,,Extant,,
Cockatrice,https://harrypotter.fandom.com/wiki/Cockatrice,,French National Quidditch teamTriwizard Tournament (formerly),Had a lizard's tail and a rooster's headDestructive nature,,,,,,,,,,Mortal (presumably),,,,,,,,Extant,,
Coco Rumsey Catcher,https://harrypotter.fandom.com/wiki/Coco_Rumsey_Catcher,,,Resembles the Cornish PixieEnjoys flower-picking,,,,,,,,,,,,,,Cornish Pixie (presumably),,,,Extant,,
Cocoon Spider,https://harrypotter.fandom.com/wiki/Cocoon_Spider,,,Robust webbing ability,,Black,,,GreenOrange,,,,,Mortal,,,,Spider,,,,Extant,,
Crazed Capybara,https://harrypotter.fandom.com/wiki/Crazed_Capybara,,,Could become crazed when angry,,Black,,,Brown,,,,,,,,,,,,,Extant,,
Curupira,https://harrypotter.fandom.com/wiki/Curupira,,Brazilian National Quidditch team,Feet point backwards,,,,,Red,,,,,Mortal,Brazilian forests,,,Dwarf,,,,Extant,,
Daraliznof Freaazer,https://harrypotter.fandom.com/wiki/Daraliznof_Freaazer,,,"Bulging eyesLarge, pointed ears",,,,,Hairless,,,,,,,,,House-elves (possibly),,,,Extant,,
Death's Dark Mongrel,https://harrypotter.fandom.com/wiki/Death%27s_Dark_Mongrel,,Death's ShadowDeath,,,,,,,,,,,Mortal,,,,,,,,Possibly non-existent,,
Death's Shadow,https://harrypotter.fandom.com/wiki/Death%27s_Shadow,,Death,Black gas surrounding them,,,,,,,,,,Mortal,,,,Charmed skeleton (possibly),,,,Possibly non-existent,,
Death's Troll,https://harrypotter.fandom.com/wiki/Death%27s_Troll,,DeathDeath's Shadow,,,,,,,,,,Beast,Mortal,,,,Death's ShadowDeath's Dark Mongrel,,,,Possibly non-existent,,
Dragon toad,https://harrypotter.fandom.com/wiki/Dragon_toad,,,,,Yellow,,,,,,,,Mortal,,,,ToadDragon (possibly),,Red/Orange/Brown,,Extant,,
Dough Creature,https://harrypotter.fandom.com/wiki/Dough_Creature,,,Made of blood sausage meat pie,,,,,,,,,,Mortal,,,,,,Pastry,,Eradicated,,
Dricken,https://harrypotter.fandom.com/wiki/Dricken,,,Possible crossbreed of a chicken and a Common Welsh Green dragon,,,,,,,,,Beast (at least partly),Mortal,,,,,,,,,,
Dukuwaqa,https://harrypotter.fandom.com/wiki/Dukuwaqa,,Fijian National Quidditch team,Could transform from a shark into a human/Shapeshifter,,,,,,,,,,Mortal,Fijian oceans,,,,,,,Extant,,
Dwarf,https://harrypotter.fandom.com/wiki/Dwarf,,Gilderoy Lockhart,Short and stocky,,,,,Dark,,,,,Mortal,,,,CurupiraRed Cap (possibly),,Pale,,Extant,,
Egg Creature,https://harrypotter.fandom.com/wiki/Egg_Creature,,,"""Something in a large egg""",,,,,,,,,Beast (likely),Mortal,,,,,,Dark grey,,Extant (as of 1994),,
Falsely Pretty Fish,https://harrypotter.fandom.com/wiki/Falsely_Pretty_Fish,,,Looked in beautiful while in water and surrounded by other fish,,,,,,,,,Beast,,,,,,,,,,,
Fenny Snake,https://harrypotter.fandom.com/wiki/Fenny_Snake,,,,,,,,,,,,,Mortal,,,,Snake,,,,Extant,,
Fanged gerbil,https://harrypotter.fandom.com/wiki/Fanged_gerbil,,,Possesses fangs,,,,,,,,,,Mortal,,,,Gerbil,,,,Extant,,
Fire-breathing chicken,https://harrypotter.fandom.com/wiki/Fire-breathing_chicken,,,Breathed fireWizard-bred,,,"Red, white and gold",,,,,,Beast (most likely),Mortal,,,,Chicken,,,,Extant,,
Fire slug,https://harrypotter.fandom.com/wiki/Fire_slug,,Fire,,,,,,,,,,,Mortal,"Amazon rainforest, Brazil",,,Slug,,,,Extant,,
Firetrail Snail,https://harrypotter.fandom.com/wiki/Firetrail_Snail,,,Horns protruding from shellRed coloured shellResistant to fire,,Red,,,,,,,,,Scotland (possibly),,,SnailFlailtail Snail (possibly),,Green,,Extant,,
Flailtail Snail,https://harrypotter.fandom.com/wiki/Flailtail_Snail,,,,,White,,,,,,,,Mortal,Scotland (possibly),,,Snail,,Light blue,,Extant,,
Flesh-Eating Slug,https://harrypotter.fandom.com/wiki/Flesh-Eating_Slug,,Dark Arts,Flesh consumingOmnivorousCorrosive slime,,Black,,,,,,,,Mortal,Great Britain,,,Slug,,Pale green,,Extant,,
Flitterby,https://harrypotter.fandom.com/wiki/Flitterby,Flitterby moth,Hogwarts School of Witchcraft and WizardryRubeus Hagrid,Laugh lightly when in flightScarlet glow around wingsAre attracted to heat,,,,,,,,,,Mortal,"Scotland, Great Britain",,,Moth,,,,Extant,,
Flying pig,https://harrypotter.fandom.com/wiki/Flying_pig,,,Has the ability to fly,,,,,,,,,,,,,,Pig,,,,Extant,,
Four-Headed Bird,https://harrypotter.fandom.com/wiki/Four-Headed_Bird,,,A bird with four heads,,,,,,,,,,Mortal,,,,Bird,,,,Extant,,
Frog-Rabbit,https://harrypotter.fandom.com/wiki/Frog-Rabbit,,,,,,,,,,,,,Mortal,,,,FrogsRabbits,,,,,,
Genie,https://harrypotter.fandom.com/wiki/Genie,,Ivorian National Quidditch team,Glided over water,,,,,,,,,,,Ivorian rivers,,,,,,,Extant,,
Giant Albino Rat,https://harrypotter.fandom.com/wiki/Giant_Albino_Rat,,,LargeAlbinismStands on hind legs,,,,,White (no pigment),,,,,Mortal,,,,Albino RatGiant Rat,,Yellow,,Extant,,
Giant Black Spider,https://harrypotter.fandom.com/wiki/Giant_Black_Spider,,Dark Arts,Large size,,,,,,,,,,Mortal,,,,Spider,,Black,,Extant,,
Giant grub,https://harrypotter.fandom.com/wiki/Giant_grub,,,Used as pet food,,,,,,,,1 foot,,Mortal,,,,,,"Slimy, white",,Extant,,
Giant Orange Snail,https://harrypotter.fandom.com/wiki/Giant_Orange_Snail,,,Secrete fluids that burn anything that touches them,,,,,,,,,XXX,,,,,Streeler (possibly),,,,,,
Gigantic serpent,https://harrypotter.fandom.com/wiki/Gigantic_serpent,,,,,Blue,,,,,,,,,,,,,,Purple and green,Snake (with characteristics of dragons and Basilisks),,,
Giant Spider,https://harrypotter.fandom.com/wiki/Giant_Spider,,,Carnivorous,,Black,,,,,,,,Mortal,,,,Spider,,Brown,,Extant,,
Giant storm petrel,https://harrypotter.fandom.com/wiki/Giant_storm_petrel,,Mahoutokoro,Giant birdCapable of transporting humans,,Brown,"Mostly dark, with white underparts",,,,,,,Mortal (likely),"Minami Iwo Jima, Japan",,,Storm petrels,,,,Extant,,
Gigantic white worm,https://harrypotter.fandom.com/wiki/Gigantic_white_worm,,,,,,,,,,,,,,,,,,,White,Unknown magical species of worm,,,
Gorgon,https://harrypotter.fandom.com/wiki/Gorgon,,Dark Arts,Turn people into stoneSerpentine body and snakes for hairFemale appearance,,,,,,,,,,,Greece (possibly),,,Snake (likely),,,,,,
Gringwart Goff,https://harrypotter.fandom.com/wiki/Gringwart_Goff,,,"Long horns on its headSmall, bat-like wingsTwo- or three-fingered hands",,,,,,,,,,Mortal,,,,,,,,Extant,,
Grim,https://harrypotter.fandom.com/wiki/Grim,Barghest (by Constance Pickering's Muggle grandfather),Death,"Large, spectral appearanceWas believed to announce future death to the one who saw it",,Yellow,,,Jet-black,Giant; taller than 4',,,,,Great Britain,,,Dog,,,,,,
Harpy,https://harrypotter.fandom.com/wiki/Harpy,,,,,,,,,,,,,Mortal,,,,,,,,Mythological (possibly),,
Hermit Crab Creature,https://harrypotter.fandom.com/wiki/Hermit_crab-like_creature,,,,,,,,Purple and pink,,,,Beast (likely),Mortal,,,,,,,,Extant (as of 1993),,
Homo amphibia,https://harrypotter.fandom.com/wiki/Homo_amphibia,,,,,,,,,,,,,,,,,,,,,,,
Hydra,https://harrypotter.fandom.com/wiki/Hydra,,,Several heads,,,,,,,,,,,,,,,,,,"Extinct, mythical, or rare (possibly)",,
Hoo-hoo,https://harrypotter.fandom.com/wiki/Hoo-hoo,,Japanese National Quidditch teamAmerican National Quidditch team,,,,,,,,,,,,Japan,,,Firebird,,,,Extant,,
Iceberg Turtle,https://harrypotter.fandom.com/wiki/Iceberg_Turtle,,,Formed icebergs,,,,,,,,,,,,,,Turtle,,,,,,
Imperial Dragonfly,https://harrypotter.fandom.com/wiki/Imperial_Dragonfly,,,,,Greenish-yellow,,,,,,,,,Worldwide (originally Far East),,,Dragonfly,,Blue with pink wings,,Extant,,
Inferius,https://harrypotter.fandom.com/wiki/Inferius,,Lord VoldemortDark wizardsHaitian National Quidditch team,Reanimated corpses of dead humansExtremely vulnerable to fireProduced grey mists in occupied areas,,Cloudy white,,,Varies,Varies,,,,Mortal/undead,Worldwide,,,Human,,Pale-white,,Extant,,
Infant Demonic,https://harrypotter.fandom.com/wiki/Infant_Demonic,,,,,,,,,,,,,,,,,,,,,,,
Kraken,https://harrypotter.fandom.com/wiki/Kraken,,,,,,,,,,,,Beast (likely),Mortal,,,,Octopuses,,,,,,
Large-eared creature,https://harrypotter.fandom.com/wiki/Large-eared_creature,,,,,,,,Greyish,,,,Beast (likely),Mortal,,,,,,,,Extant (as of 1993),,
Limax,https://harrypotter.fandom.com/wiki/Limax,,,"Wide, hammer-shaped headFour arms with handsSnake-like lower body",,,,,,,,,,,,,,,,,,Extant,,
Magic hamster,https://harrypotter.fandom.com/wiki/Magic_hamster,,,Magical in some way,,,,,,,,,,Mortal,,,,Hamster,,,,Extant,,
Marble Gargoyle,https://harrypotter.fandom.com/wiki/Marble_Gargoyle_(Trading_Card),,,,,,,,,,,,,,,,Uncommon,,,,,,Creature/Gargoyle,
Mortis Bat,https://harrypotter.fandom.com/wiki/Mortis_Bat,,,VenomousKeen sense of smell,,Yellow,,,,,,,,Mortal,Great Britain,,,Bat,,Green,,Extant,,
Michigan Dogman,https://harrypotter.fandom.com/wiki/Michigan_Dogman,,,,,,,,,,,,,,"Michigan, United States",,,,,,,,,
Mummy,https://harrypotter.fandom.com/wiki/Mummy,,,Covered in bandagesBloodstained,,,,,,,,,,Already dead,Egypt,,,Human,,,,Likely extant,,
Nazzle Mumph,https://harrypotter.fandom.com/wiki/Nazzle_Mumph,,,"Looks like a Cornish Pixie, except with a rounder belly",,,,,,,,,,,,,,Cornish Pixie (presumably),,,,Extant,,
Octopus-like creature,https://harrypotter.fandom.com/wiki/Octopus-like_creature,,,,,Yellow,,,,,,,Beast (likely),Mortal,,,,,,Purple,,Extant (as of 1993),,
Ogre,https://harrypotter.fandom.com/wiki/Ogre,,,Passing resemblance to ghouls,,,,,,,,,,Mortal (possibly),,,,,,Green,,Extant (possibly),,
Panic Spider,https://harrypotter.fandom.com/wiki/Panic_Spider,,,Large sizeSurprises victims,,,,,,,,,,Mortal,,,,Spider,,Green,,Extant,,
Pheasanthunter,https://harrypotter.fandom.com/wiki/Pheasanthunter,,,Green dragon scalesGolden hornsResembles dog,,Turquoise,,,,,,,Beast,Mortal,,,,Drake,,Green,,Extant (likely),,
Plague Rat,https://harrypotter.fandom.com/wiki/Plague_Rat,,,Carries the plague,,Red,,,DarkSickly green,,,,,Mortal,Scotland,,,,,,,Extant,,
Giant Plague Rat,https://harrypotter.fandom.com/wiki/Giant_Plague_Rat,,,LargeSickly Green furCarries the plagueStands on hind feet,,White,,,Sickly Green,,,,,Mortal,,,,Plague RatGiant Rat,,White,,Extant,,
Poisonous duck,https://harrypotter.fandom.com/wiki/Poisonous_duck,,British Ministry of Magic,Poisonous,,,,,,,,,,Mortal,Wizard-bred,,,Duck,,,,Extant,,
Porcupine-like creature,https://harrypotter.fandom.com/wiki/Porcupine-like_creature,,,,,,,,Greyish brown,,,,Beast (likely),Mortal,,,,,,,,Extant (as of 1993),,
Pukwudgie,https://harrypotter.fandom.com/wiki/Pukwudgie,,Ilvermorny School of Witchcraft and Wizardry,Large-earedBoth help and hinder humansHunts with poisonous arrowsPossesses its own magic,,,,,,2-3 feet,,,,Mortal,United States of America,,,Goblin,,Grey,,Extant,,
Purple Rabbit,https://harrypotter.fandom.com/wiki/Purple_Rabbit,Flaming purple rabbit,,PurpleCan ignite things,,Black,,,Purple,,,,,Mortal,"Hogwarts Castle, Scotland, Great Britain",,,Rabbit,,,,Extinct,,
Rodential creature,https://harrypotter.fandom.com/wiki/Rodential_creature,,,,,,,,Green,,,,Beast (likely),Mortal,,,,,,,,Extant (as of 1993),,
Rougarou,https://harrypotter.fandom.com/wiki/Rougarou,Loup-garou,Dark Arts,Head of a dogSwamp dwellingDangerous,,,,,,,,,,Mortal,"Swamps in Louisiana, United States of America",,,,,,,Extant,,
Sasabonsam,https://harrypotter.fandom.com/wiki/Sasabonsam,,Nigerian National Quidditch team,Drink bloodSpindle legged,,,,,,,,,,Mortal,,,,Vampire (possibly),,,,,,
Sasquatch,https://harrypotter.fandom.com/wiki/Sasquatch,Big foot,,Large and imposing figures,,,,,Brown,,,,,Mortal,United States of America,,,,,,,Extant,,
Sandstone Gargoyle,https://harrypotter.fandom.com/wiki/Sandstone_Gargoyle,,,Made out of sandstone,,,,,,,,,,,,,,,,,,Extant,,
Shelliferous Drogodflikerous,https://harrypotter.fandom.com/wiki/Shelliferous_Drogodflikerous,,,Roughly the size of a quillCapable of writing with a quillWingedHumanoid appearanceDeep set eyesRounded bellyLarge flat feet,,,,,,,,,,,,,,,,,,Extant,,
Skipping black rat,https://harrypotter.fandom.com/wiki/Skipping_black_rat,,Magical Menagerie,,,,,,Black,,,,,Mortal,,,,Black rat,,,,"Extant, as of 1993",,
Spitting snake,https://harrypotter.fandom.com/wiki/Spitting_snake,,,Capable of spitting venomPoisonous bite,,Dark,,,,,,,,Mortal,Great Britain,,,Snake,,"Green, striped blue and orange",,Extant,,
Sprite,https://harrypotter.fandom.com/wiki/Sprite,,Water,Occupied bodies of water,,,,,,,,,,,,,,,,,,Extant,,
Wildflower sprite,https://harrypotter.fandom.com/wiki/Wildflower_sprite,,,Lives among wild flowers (presumably),,,,,,,,,,,,,,Sprite,,,,,,
Sunflower-resembling creature,https://harrypotter.fandom.com/wiki/Sunflower-resembling_creature,,,,,,,,,,,,Beast (likely),Mortal,,,,,,Green,,Extant (as of 1993),,
Tent-fox,https://harrypotter.fandom.com/wiki/Tent-fox,,,Walking around near tents (possibly),,,,,,,,,,Mortal,,,,Fox,,,,,,
Three toed tree toad,https://harrypotter.fandom.com/wiki/Three_toed_tree_toad,,,Three toes,,Yellow,,,,,,,,Mortal,,,,Toad,,Purple,,Extant,,
Transforming rabbit,https://harrypotter.fandom.com/wiki/Transforming_rabbit,,Magical Menagerie,"Could transform into a silk, black top hat at willFat and white in rabbit form",,,,,White,,,,,Mortal (likely),,,,Rabbit,,,,Extant,,
Tree-Forming Lizard,https://harrypotter.fandom.com/wiki/Tree-Forming_Lizard,,,Capable of transforming into plant-like structure,,,,,,,,,Beast,,,,,Lizard,,,,,,
Trollcleg,https://harrypotter.fandom.com/wiki/Trollcleg,,,Often found hovering above trolls,,,,,,,,,,Mortal,,,,Clegs (possibly)Trollwig (possibly),,,,Extant,,
Trollwig,https://harrypotter.fandom.com/wiki/Trollwig,,,Feed on troll earwax,,,,,,,,,,,,,,Earwig (possibly)Trollcleg (possibly),,,,Extant,,
Two-legged creature,https://harrypotter.fandom.com/wiki/Unidentified_two-legged_creature,,Hogwarts School of Witchcraft and Wizardry (decoration),BipedLong necked,,,,,,,,,Beast (if magical),Mortal,,,,,,,,,,
Urchin Creature,https://harrypotter.fandom.com/wiki/Urchin-like_creature,,,,,,,,,,,,Beast (likely),Mortal,,,,,,Black,,Extant (as of 1993),,
Valcore,https://harrypotter.fandom.com/wiki/Valcore,,,Giant sizedVery strongHostile towards humans,,,,,,About eight times that of an adult human,,,,Mortal,,,,Troll (possibly),,,,Extant,,
White River Monster,https://harrypotter.fandom.com/wiki/White_River_Monster,,,Spines on back,,,,,,,,,,Mortal,"White River, Arkansas, United States",,,Fish,,,,Extant,,
Wide-mouth toad,https://harrypotter.fandom.com/wiki/Wide-mouth_toad,,,Blemishes,,Orange or green,,,,,,,,Mortal,Northern England,,,ToadBriar Toad,,Purple (Blue underbelly),,Extant,,
Winged frog-like creature,https://harrypotter.fandom.com/wiki/Winged_frog-like_creature,,,,,Yellow,,,Grey,,,,Beast (likely),Mortal,,,,,,Green,,Extant (as of 1993),,
Wood Nymph,https://harrypotter.fandom.com/wiki/Wood_Nymph,,Beauxbatons Academy of Magic,Capable of song,,,,,,,,,,,France (possibly)United States of America,,,,,,,Extant,,
Worm-like creature,https://harrypotter.fandom.com/wiki/Worm-like_creature,,,,,,,,,,,,Beast (likely),Mortal,,,,,,Reddish,,Extant (as of 1993),,
Wrackspurt,https://harrypotter.fandom.com/wiki/Wrackspurt,,,InvisibleFlying into people's ears and making their brain fuzzy.,,Black,,,,,,,,Mortal,,,,,,Striped yellow-green,,Extant,,
Zombie,https://harrypotter.fandom.com/wiki/Zombie,,Living Dead,Greyish colourRotten smell,,,,,,,,,,,Southern United States of America,,,,,Greyish,,Extant,,
Badger,https://harrypotter.fandom.com/wiki/Badger,,Hufflepuff,White stripe that runs down its snoutOmnivorousSkilled at defending itself against larger animals,,,,,Brown with a white stripe,,,,,Mortal,,,,,,,,Extant,,
Bat,https://harrypotter.fandom.com/wiki/Bat,,Hallowe'en,Flying and wingedNocturnal and/or crepuscularWidely varied diet,,Black,,,Brown,,,,,Mortal,Various,,,,,,,Extant,,Various
Fruit bat,https://harrypotter.fandom.com/wiki/Fruit_bat,,,Diet of fruit/nectarPoor eyesightSharp hearingExcellent sense of smell,,Green,,,,,,,,Mortal,,,,Bat,,Brown,,Extant,,
Vampire bat,https://harrypotter.fandom.com/wiki/Vampire_bat,,Dark Arts (possibly)Vampires,"Blood-consumingSharp, pointed teeth",,Black,,,Black,,,,,Mortal,,,,BatVampire (possibly),,,,Extant,,
Cat,https://harrypotter.fandom.com/wiki/Cat,,MugglesWizardkind,Small and furryClawedPredatory and carnivorousKept as pets by humans,,Varies,,,Varies by breed,Varies by breed,,Varies by breed,,Mortal,Worldwide,,,LeopardLionLynxKneazleMatagotNunduTigerWampus catZouwu,,,,Extant,,
Chicken (animal),https://harrypotter.fandom.com/wiki/Chicken_(animal),,,OmnivorousBred as domestic farm animalsGregarious and live in flocks,,Black,Varies by breed,,,Varies by breed,,Varies by breed,,Mortal,Various locations throughout the world,,,CockatriceBasilisk,,,,Extant,,Varies by breed
Wild rooster,https://harrypotter.fandom.com/wiki/Wild_rooster,,,Male chickenBeautiful orange plumageWild roosters hostile to humans,,Black,Orange,,,,,,,Mortal,,,,Chicken,,,,Extant,,
Crow,https://harrypotter.fandom.com/wiki/Crow,,,,,Black,Black,,,,,,,Mortal,Great Britain,,,RavenRook,,,,Extant,,
Dog,https://harrypotter.fandom.com/wiki/Dog,,MugglesWizardkind,Generally friendly and loyal towards humansKept by humans as pets,,Black or brown,,,Varies by breed,Varies by breed,,Varies by breed,,Mortal,Worldwide,,,WolfFoxMagical sub-species:Three-headed dogGytrashGrimCrup,,,,Extant,,
Dragonfly,https://harrypotter.fandom.com/wiki/Dragonfly,,,Flying insect,,Blue,,,,,,,,Mortal,Worldwide,,,Imperial Dragonfly,,Red,,Extant,,
Eagle,https://harrypotter.fandom.com/wiki/Eagle,,Ravenclaw,,,Golden,Brown,,,,,,,Mortal,,,,FalconHawkRaven,,,,Extant,,
Ferret,https://harrypotter.fandom.com/wiki/Ferret,,,,,,,,"White, grey, brown, black",,,,,Mortal,,,,Polecat,,,,Extant,,
Fox,https://harrypotter.fandom.com/wiki/Fox,,,ScavengersPredatory,,,,,Red and white,,,,,Mortal,Great Britain,,,Dog,,,,Extant,,
Frog,https://harrypotter.fandom.com/wiki/Frog,,,Can jumpInhabit bodies of water,,Various,,,,Various,,Various,,Mortal,,,,AmphibiansToadsNewts,,Various,,Extant,,
Green Tree Frog,https://harrypotter.fandom.com/wiki/Green_Tree_Frog,Tree frog,,Lived in treesAggressive,,Dark,,,,,,,,Mortal,Great Britain,,,Frog,,Green,,Extant,,
Leech,https://harrypotter.fandom.com/wiki/Leech,,,Live in waterSuck bloodUsed in potions,,,,,,,,,,Mortal,,,,,,Black,,Extant,,
Lion,https://harrypotter.fandom.com/wiki/Lion,,Gryffindor,Carnivorous,,,,,,,,,,Mortal,AfricaAsiaIndia,,,TigerCat,,Brown-golden,,Extant,,
Newt,https://harrypotter.fandom.com/wiki/Newt,,,Closely resemble salamanders and lizards,,Various,,,,Various,,Various,,Mortal,Northern hemisphere,,,Double-ended newtSalamanderFrogToad,,Various,,Extant,,
Owl,https://harrypotter.fandom.com/wiki/Owl,,OwleryOwl Post OfficeWizardkind,Used in postal services and companionship,,,Various,,,,,,,Mortal,"Various, including Great Britain",,,,,,,Extant,,Various
Barn owl,https://harrypotter.fandom.com/wiki/Barn_owl,,Wizardkind,Sharp hearing,,,Brown and white,,,,,,,Mortal,Europe,,,Owl,,,,Extant,,
Barred owl,https://harrypotter.fandom.com/wiki/Barred_owl,,Wizardkind,Kept as pets,,,,,,,,,,Mortal,,,,Owl,,,,Extant,,
Blakiston's fish owl,https://harrypotter.fandom.com/wiki/Blakiston%27s_fish_owl,,,,,Yellow,White and brown,,,,,,,Mortal,,,,Owl,,,,Extant,,
Boreal owl,https://harrypotter.fandom.com/wiki/Boreal_owl,,,,,Yellow,Brown and white,,,,,,,Mortal,,,,Owl,,,,Extant,,
Brown Fish owl,https://harrypotter.fandom.com/wiki/Brown_Fish_owl,,Wizardkind,Kept as pets,,Yellow,Brown and white,,,,,,,Mortal,,,,Owl,,,,Extant,,
Brown owl,https://harrypotter.fandom.com/wiki/Brown_owl,,Wizardkind,Superb vision and hearing,,,Brown,,,,,,,Mortal,Eurasia,,,Tawny owlOwl,,,,Extant,,
Collared Scops Owlet,https://harrypotter.fandom.com/wiki/Collared_Scops_Owlet,,,,,Brown,White and brown,,,,,,,Mortal,,,,Owl,,,,Extant,,
Eagle owl,https://harrypotter.fandom.com/wiki/Eagle_owl,,Wizardkind,Kept as pets,,Brown,Grey,,,,,,,Mortal,,,,Owl,,,,Extant,,
Eastern screech owl,https://harrypotter.fandom.com/wiki/Eastern_screech_owl,,,,,Brown,Brown,,,,,,,Mortal,,,,Owl,,,,Extant,,
Golden owl,https://harrypotter.fandom.com/wiki/Golden_owl,,,,,,,,,,,,,,,,,,,,,,,
Great grey owl,https://harrypotter.fandom.com/wiki/Great_grey_owl,,Wizardkind,,,,Grey,,,,,,,Mortal,North America,,,,,,,Extant,,
Great Horned Owl,https://harrypotter.fandom.com/wiki/Great_Horned_Owl,,,,,Orange,Brown and white,,,,,,,Mortal,,,,Owls,,,,Extant,,
Hawk Owl,https://harrypotter.fandom.com/wiki/Hawk_Owl,,,,,Yellow,Black and white,,,,,,,Mortal,,,,Owl,,,,Extant,,
Ketupa Blakistoni Doerriesi Seebohm,https://harrypotter.fandom.com/wiki/Ketupa_Blakistoni_Doerriesi_Seebohm,,,,,Orange,WhiteDark brown,,,,,,,Mortal,,,,Blakiston's fish owl,,,,Extant,,
Little owl,https://harrypotter.fandom.com/wiki/Little_owl,,,Small in size,,,,,,,,,,Mortal,,,,Owl,,,,Extant,,
Long-whiskered owlet,https://harrypotter.fandom.com/wiki/Long-whiskered_owlet,,,,,Orange,White,,,,,,,Mortal,,,,Owl,,,,Extant,,
Milky Eagle Owlet,https://harrypotter.fandom.com/wiki/Milky_Eagle_Owlet,,,,,Brown,White,,,,,,,Mortal,,,,Eagle owl,,,,Extant,,
Northern hawk-owl,https://harrypotter.fandom.com/wiki/Northern_hawk-owl,,,,,Brown,White and grey,,,,,,,Mortal,,,,Hawk Owl,,,,Extant,,
Pink owl,https://harrypotter.fandom.com/wiki/Pink_owl,,,,,Blue,Pink,,,,,,,Mortal,,,,Owl,,,,Extant,,
Red owlet,https://harrypotter.fandom.com/wiki/Red_owlet,,,Flamboyant disposition,,Yellow,Scarlet,,,,,,,Mortal,,,,Owl,,,,Extant,,
Scops owl,https://harrypotter.fandom.com/wiki/Scops_owl,,Wizardkind,,,,Grey,,,,,,,Mortal,,,,Owl,,,,Extant,,
Screech owl,https://harrypotter.fandom.com/wiki/Screech_owl,,Wizardkind,Extremely agile,,,,,,,,,,Mortal,,,,Owl,,,,Extant,,
Short-eared owl,https://harrypotter.fandom.com/wiki/Short-eared_owl,,,,,Yellow,Brownish grey and white,,,,,,,Mortal,,,,Owl,,,,Extant,,
Snowy owl,https://harrypotter.fandom.com/wiki/Snowy_owl,,,,,YellowAmber,White,,,Various,,,,,North America,,,,,,,Extant,,125–150 cm (49–59 in)
Spectacled owl,https://harrypotter.fandom.com/wiki/Spectacled_owl,,,,,Yellow,Black and white,,,,,,,Mortal,United States of AmericaTropical areas,,,,,,,Extant,,
Spot-Bellied Eagle Owlet,https://harrypotter.fandom.com/wiki/Spot-Bellied_Eagle_Owlet,,,,,Black,White and grey (owlet)Brown (grown up),,,,,,,Mortal,,,,Eagle owl,,,,Extant,,
Spot-Bellied Owl,https://harrypotter.fandom.com/wiki/Spot-Bellied_Owl,,,,,Grey,White and grey,,,,,,,Mortal,,,,Owl,,,,Extant,,
Tawny owl,https://harrypotter.fandom.com/wiki/Tawny_owl,,Wizardkind,Excellent hearing'Twit-tawoo' call,,,TawnySlightly brown,,,,,,,Mortal,Eurasia,,,Brown owlOwl,,,,Extant,,
Peacock,https://harrypotter.fandom.com/wiki/Peacock,,,Large colourful plumagePiercing call,,Black,Colourful (mainly blue)Albino (Lucius' Peacock),,,,,,,Mortal,Asia,,,Bird,,,,Extant,,
Albino peacock,https://harrypotter.fandom.com/wiki/Albino_peacock,,,,,Black,,White,,,,,,,,,,,,,Peacock,,,
Pheasant,https://harrypotter.fandom.com/wiki/Pheasant,,,Brilliant plumage,,,,,,,,,,Mortal,Great Britain,,,Peacock,,,,Extant,,
Rat,https://harrypotter.fandom.com/wiki/Rat,,,Small rodentsRegarded as verminous pestsKept as pets,,Black or red,,,Various,,,,,Mortal,,,,Mouse,,Light,,Extant,,
Albino Rat,https://harrypotter.fandom.com/wiki/Albino_Rat,,,Uncommonly intelligent,,Red (lack of pigment),,,White (lack of pigment),,,,,Mortal,Scotland,,,RatGiant Albino Rat,,Pink (lack of pigment),,Extant,,
Black Rat,https://harrypotter.fandom.com/wiki/Black_Rat,,,,,Black,,,Black,,,,,Mortal,,,,Rat,,,,Extant,,
Black and White Rat,https://harrypotter.fandom.com/wiki/Black_and_White_Rat,,Wizardkind,,,Black,,,Black and white,,,,,Mortal,,,,Rat,,,,Extant,,
Brown Rat,https://harrypotter.fandom.com/wiki/Brown_Rat,,,,,,,,Brown,,,,,Mortal,,,,Rat,,,,Extant,,
Grey rat,https://harrypotter.fandom.com/wiki/Grey_rat,,Wizardkind,,,Black,,,Grey,,,,,Mortal,,,,Rat,,,,Extant,,
Rabbit,https://harrypotter.fandom.com/wiki/Rabbit,Bunny,,Small mammalsHerbivorousPrey animals,,Black,,,Various,,,,,Mortal,Worldwide,,,Hare,,,,Extant,,
Lop-Eared Rabbit,https://harrypotter.fandom.com/wiki/Lop-Eared_Rabbit,,,Drooping ears,,Black,,,"White, brown, grey or black",,,,,Mortal,,,,Rabbit,,,,Extant,,
Wild Rabbit,https://harrypotter.fandom.com/wiki/Wild_Rabbit,,,,,Varies,,,Varies,,,,,Mortal,,,,Rabbit,,,,Extant,,
Raven,https://harrypotter.fandom.com/wiki/Raven,,,BlackHooked beak,,Black,Black,,,,,65cm,,Mortal,Worldwide,,,CrowRook,,,,Extant,,1.2 - 1.5m
Scottish stag,https://harrypotter.fandom.com/wiki/Scottish_stag,,,Impressive horns,,,,,Brown,,,,,Mortal,Scotland,,,Deer,,,,Extant,,
Slug,https://harrypotter.fandom.com/wiki/Slug,,,,,,,,,,,,,Mortal,Worldwide,,,Snail,,,,Extant,,
Snail,https://harrypotter.fandom.com/wiki/Snail,,,Shelled gastropods,,,,,,,,,,Mortal,,,,StreelerSlugsWhelkLimpet,,,,Extant,,
Snake,https://harrypotter.fandom.com/wiki/Snake,Serpent,Salazar SlytherinSlytherin HouseHorned Serpent HouseDark Arts,LeglessCarnivorousSometimes venomous,,Various (mostly yellow),,,,,,Varies,,Mortal,Various,,,Lizards,,Various,,Extant,,
Adder,https://harrypotter.fandom.com/wiki/Adder,,,Kept as pets,,,,,,,,,,Mortal,Europe,,,Snake,,Brown,,Extant,,
Arizona coral snake,https://harrypotter.fandom.com/wiki/Arizona_coral_snake,,,StripedVenomous,,,,,,,,,,Mortal,Northwest Mexico,,,Snake,,"Red, white and black",,Extant,,
Black Mamba,https://harrypotter.fandom.com/wiki/Black_Mamba,,,Extremely poisonous venom,,Black,,,,,,,,Mortal,Africa,,,Snake,,Black,,Extant,,
Boomslang,https://harrypotter.fandom.com/wiki/Boomslang,,,Venomous,,,,,,,,,,Mortal,,,,Snake,,,,Extant,,
Boa constrictor,https://harrypotter.fandom.com/wiki/Boa_constrictor,Boa,,"Large, heavy bodiedPredatory/carnivorous",,Beady,,,,,,Around 13 feet,,Mortal,Brazil,,,PythonGrass SnakeKing CobraRattlesnakeBoomslang,,Brown,,Extant,,
Cobra,https://harrypotter.fandom.com/wiki/Cobra,,,Flares it neck into a hood when threatenedHighly venomous,,,,,,,,,,Mortal,,,,SnakesKing Cobra,,Varies,,Extant,,
Common adder,https://harrypotter.fandom.com/wiki/Common_adder,,,Bites when disturbedVenomousCarnivorous,,Brown,,,,,,,Non-magical,,Europe and Asia,,,Snake,,Brown,,Extant,,
Grass Snake,https://harrypotter.fandom.com/wiki/Grass_Snake,,,Lives in grass,,,,,,,,,,Mortal,Great Britain,,,Snake,,,,Extant,,
Green snake,https://harrypotter.fandom.com/wiki/Green_snake,,,,,Yellow,,,,,,,,Mortal,,,,Snake,,Green,,Extant,,
King Cobra,https://harrypotter.fandom.com/wiki/King_Cobra,,,,,,,,,,,,,Mortal,,,,Cobra,,,,Extant,,
Python,https://harrypotter.fandom.com/wiki/Python,Snake,,Constricting snakes,,,,,,,,,,Mortal,,,,Boa constrictorBoomslang,,,,Extant,,
Rattlesnake,https://harrypotter.fandom.com/wiki/Rattlesnake,,,Highly venomousMake rattling soundPredatory and carnivorous,,,,,,,,,,Mortal,United States of America,,,Snakes,,Brown,,Extant,,
Spider,https://harrypotter.fandom.com/wiki/Spider,,,Eight legs and eyesPincersCarnivorousSome species venomousInstinctive and mortal fear of Basilisks,,Black,,,Varies,Varies,,Varies,Varies,Mortal,Worldwide,,,AcromantulaScorpion,,,,Extant,,
Black widow,https://harrypotter.fandom.com/wiki/Black_widow,,,Spins webs stronger than steelDistinct red markings,,Red,,,,,,,,Mortal,,,,Spider,,Black with red markings,,Extant,,
Brown Recluse,https://harrypotter.fandom.com/wiki/Brown_Recluse,,,Venomous,,,,,,,,,,Mortal,,,,Spider,,Brown,,Extant,,
Funnelweb spider,https://harrypotter.fandom.com/wiki/Funnelweb_spider,,,Massive fangsUgly appearancePoisonous bite,,Red,,,,,,,,Mortal,Worldwide,,,Spider,,YellowBlue-grey,,Extant,,
Redback spider,https://harrypotter.fandom.com/wiki/Redback_spider,,,Red colourationVenom can paralyse victims,,Red,,,,,,,,Mortal,,,,Spider,,Red,,Extant,,
Tarantula,https://harrypotter.fandom.com/wiki/Tarantula,,,Large spidersHairy bodiesVenomous fangs,,Black,,,Black and brown,,,,,Mortal,Worldwide,,,Spider,,,,Extant,,
Whitetail Spider,https://harrypotter.fandom.com/wiki/Whitetail_Spider,,,Large sizeLethal bite,,Black,,,,,,,,Mortal,,,,Spider,,Blue,,Extant,,
Toad,https://harrypotter.fandom.com/wiki/Toad,,Wizardkind,"Very similar to frogs, Bumpy, warty skin",,Various,,,,,,,,Mortal,,,,FrogsNewtsSalamandersBasilisks,,Various,,Extant,,
Common Toad,https://harrypotter.fandom.com/wiki/Common_Toad,,Magical Menagerie,Warty skin,,Black,,,,,,,,Mortal,British Isles,,,Toad,,Green to brown,,,,
Crested Toad,https://harrypotter.fandom.com/wiki/Crested_Toad,,Magical Menagerie,Upturned snout,,Golden,,,,,,,,Mortal,,,,Toad,,Sandy brown,,Extant,,
Harlequin Toad,https://harrypotter.fandom.com/wiki/Harlequin_Toad,,Magical Menagerie,Colourful markings,,Black,,,,,,,,Mortal,,,,Toad,,Bright yellowBlackRedGreen,,Extant,,
Horned toad,https://harrypotter.fandom.com/wiki/Horned_toad,,Magical Menagerie,Horned,,,,,,,,,,Mortal,,,,Toad,,,,Extant,,
Natterjack Toad,https://harrypotter.fandom.com/wiki/Natterjack_Toad,,Magical Menagerie,A yellow line down the middle of their backs,,,,,,,,,,Mortal,Europe,,,Toad,,Sandy yellow,,Extant,,
Western Green Toad,https://harrypotter.fandom.com/wiki/Western_Green_Toad,,Magical Menagerie,NocturnalSmall in size,,,,,,,,,,,,,,Toad,,Green or yellow with black spots,,Extant,,
Tropical bird,https://harrypotter.fandom.com/wiki/Tropical_bird,,Sirius Black,Tropical,,,Colourful,,,,,,,Mortal,Somewhere tropical,,,Bird,,,,Extant,,
Wasp,https://harrypotter.fandom.com/wiki/Wasp,,,Possesses venomous sting,,Blue,,,,,,,,Mortal,,,,Tarantula hawkBeeVampyr MospAnt,,"Yellow and black striped, purple around face",,Extant,,
Tarantula hawk,https://harrypotter.fandom.com/wiki/Tarantula_hawk,Tarantula hawk wasp,,Hunts tarantulasPoisonous,,Red,,,,,,,,Mortal,Worldwide,,,Wasp,,Red,,Extant,,
Wild Boar,https://harrypotter.fandom.com/wiki/Wild_Boar,,,Invasive species,,,,,Brown,,,,,Mortal,,,,Pig,,Pink,,Extant,,
Wolf,https://harrypotter.fandom.com/wiki/Wolf,,,,,Grey or red,,,"Grey, black or white",,,,,Mortal,,,,DogWerewolf,,,,Extant,,
The Grim (wolf),https://harrypotter.fandom.com/wiki/The_Grim_(wolf),,,,,Red,,,Black,,,,,,,,,,,,Wolf,,,
The White Wolf,https://harrypotter.fandom.com/wiki/The_White_Wolf,,,,,Red,,,White,,,,,,,,,,,,Wolf,,,
HarryPotter.com,https://harrypotter.fandom.com/wiki/Harry_Potter_(website),,,,,,,,,,,,,,,,,,,,,,,
HarryPotter.com,https://harrypotter.fandom.com/wiki/Harry_Potter_(website),,,,,,,,,,,,,,,,,,,,,,,
HarryPotter.com,https://harrypotter.fandom.com/wiki/Harry_Potter_(website),,,,,,,,,,,,,,,,,,,,,,,
HarryPotter.com,https://harrypotter.fandom.com/wiki/Harry_Potter_(website),,,,,,,,,,,,,,,,,,,,,,,
Harry Potter Trading Card Game,https://harrypotter.fandom.com/wiki/Harry_Potter_Trading_Card_Game,,,,,,,,,,,,,,,,,,,,,,,
HarryPotter.com,https://harrypotter.fandom.com/wiki/Harry_Potter_(website),,,,,,,,,,,,,,,,,,,,,,,
HarryPotter.com,https://harrypotter.fandom.com/wiki/Harry_Potter_(website),,,,,,,,,,,,,,,,,,,,,,,
HarryPotter.com,https://harrypotter.fandom.com/wiki/Harry_Potter_(website),,,,,,,,,,,,,,,,,,,,,,,
Pottermore,https://harrypotter.fandom.com/wiki/Pottermore,,,,,,,,,,,,,,,,,,,,,,,
